name,address,website,tel,mapsUrl,openHours,category,rating
Met Ajans,"Gaziantep Cad. Çınlar Sok., Ayakkabıcılar İş Hanı Kat: 2 No: 10/205, 81000",duzcemetajans.com,0553 265 40 50,"https://www.google.com/maps/place/Met+Ajans/@40.843849,31.15654,14z/data=!4m8!1m2!2m1!1sajans!3m4!1s0x409d755abf10b7e1:0x3f4d36adeb5569d5!8m2!3d40.839723!4d31.1613889", ,Reklam Ajansı,"5,0"
ARN Ajans,"Şerefiye, Uzunzade Sk. No:16, 81100 Düzce Merkez/Düzce", ,0506 726 28 78,"https://www.google.com/maps/place/ARN+Ajans/@40.8438464,31.15654,14z/data=!4m8!1m2!2m1!1sajans!3m4!1s0x409d755aa60741cb:0x42d89b9ea461bb4a!8m2!3d40.8400802!4d31.1625056", ,Reklam Ajansı, 
Gul Ajans Reklam Ltd.,"Şerefiye Serefiye M, Cengiz Topel Sk. No:4, 81030 Düzce Merkez/Düzce",kelebekscript.com.tr,(0380) 514 28 99,"https://www.google.com/maps/place/Gul+Ajans+Reklam+Ltd./@40.8438464,31.15654,14z/data=!4m8!1m2!2m1!1sajans!3m4!1s0x409d755a93a01a41:0xa7c3803e14c036b6!8m2!3d40.839964!4d31.1607299", ,Reklam Ajansı, 
Sinemarka Dijital Medya Ajansı,"Camikebir Mahallesi Rıhtım Caddesi No: 2 Pak Ekizceli İş Merkezi İç Kapı No:, D:126, 81020 Merkez/Düzce",sinemarka.com,0535 252 67 17,"https://www.google.com/maps/place/Sinemarka+Dijital+Medya+Ajans%C4%B1/@40.8438464,31.15654,14z/data=!4m8!1m2!2m1!1sajans!3m4!1s0x409d75872de7dfe3:0x159b14432c67ca48!8m2!3d40.8375628!4d31.1584685","Perşembe,08:00 - 20:00; Cuma,08:00 - 20:00; Cumartesi,09:00 - 19:00; Pazar,Kapalı; Pazartesi,08:00 - 20:00; Salı,08:00 - 20:00; Çarşamba,08:00 - 20:00.",Reklam Ajansı,"5,0"
İstikbal Reklam Ajansı,"Şerefiye, Necatibey Sk. No:1, 81100 Düzce Merkez/Düzce",istikbalreklam.com,(0380) 512 07 89,"https://www.google.com/maps/place/%C4%B0stikbal+Reklam+Ajans%C4%B1/@40.8438464,31.15654,14z/data=!4m8!1m2!2m1!1sajans!3m4!1s0x409d75505c4a265f:0x1559a54c8092f60c!8m2!3d40.841826!4d31.162299", ,Reklam Ajansı,"4,0"
bw. digital agency,"Şerefiye Mahallesi Rasim Betir Paşa Bulvarı 334 Sk. NO:16 Cengizler İş Merkezi Kat:3 Daire: 34, 81010 Düzce",bw.net.tr,(0380) 514 33 29,"https://www.google.com/maps/place/bw.+digital+agency/@40.8438464,31.15654,14z/data=!4m8!1m2!2m1!1sajans!3m4!1s0x409d9fe1148c064f:0x8728fd0817fa382!8m2!3d40.8443238!4d31.1628873","Perşembe,09:00 - 18:00; Cuma,09:00 - 18:00; Cumartesi,09:00 - 13:00; Pazar,Kapalı; Pazartesi,09:00 - 18:00; Salı,09:00 - 18:00; Çarşamba,09:00 - 18:00.",Web Sitesi Tasarımcısı,"5,0"
Vega Medya Dijital Reklam Ajansı,"Camikebir, Eski Bağdat Cd. No:8, 81020, 81020 Düzce Merkez/Düzce", , ,"https://www.google.com/maps/place/Vega+Medya+Dijital+Reklam+Ajans%C4%B1/@40.8438464,31.15654,14z/data=!4m8!1m2!2m1!1sajans!3m4!1s0x409d753f37288cc3:0x7d158e43e8a776fb!8m2!3d40.8400387!4d31.1490743", ,Reklam Ajansı, 
İstikbal Reklam Ajansı,"Cedidiye, Celal Kasapoğlu Cd. No:17/B, 81100 Merkez/Düzce",istikbalreklam.com,(0380) 512 07 89,"https://www.google.com/maps/place/%C4%B0stikbal+Reklam+Ajans%C4%B1/@40.8438464,31.15654,14z/data=!4m8!1m2!2m1!1sajans!3m4!1s0x409d75445a288079:0x936651debfe9e60f!8m2!3d40.8372167!4d31.1643119","Perşembe,08:00 - 23:59; Cuma,08:00 - 23:59; Cumartesi,08:00 - 23:59; Pazar,08:00 - 23:59; Pazartesi,08:00 - 23:59; Salı,08:00 - 23:59; Çarşamba,08:00 - 23:59.",Reklam Ajansı, 
Sevgi Reklam,"Şerefiye mahallesi çınlar sokak ayakkabıcılar sitesi no:10/207, 0542 238 20 45, 81000 Düzce Merkez/Düzce",sevgireklam.com,0542 238 20 45,"https://www.google.com/maps/place/Sevgi+Reklam/@40.8438464,31.15654,14z/data=!4m8!1m2!2m1!1sajans!3m4!1s0x409d755abf99ee25:0x87ba6e9371b3c46e!8m2!3d40.8397595!4d31.1614366","Perşembe,08:30 - 07:30; Cuma,08:30 - 07:30; Cumartesi,08:30 - 07:30; Pazar,Kapalı; Pazartesi,08:30 - 07:30; Salı,08:30 - 07:30; Çarşamba,08:30 - 07:30.",Reklam Ajansı, 
Olcay Reklam Grafik Tasarım Matbaa Hizmetleri,"Camikebir Mahallesi Rıhtım Caddesi Pak Ekizceli İş Merkezi No: 2 Kat 1, D:128, 81100 Merkez/Düzce",olcayreklam.com,0532 710 94 00,"https://www.google.com/maps/place/Olcay+Reklam+Grafik+Tasar%C4%B1m+Matbaa+Hizmetleri/@40.8438464,31.15654,14z/data=!4m8!1m2!2m1!1sajans!3m4!1s0x409d9fe3efe77907:0x8a1ee3fa5ac3d8c!8m2!3d40.8375941!4d31.158474","Perşembe,09:00 - 18:00; Cuma,09:00 - 18:00; Cumartesi,09:00 - 13:00; Pazar,Kapalı; Pazartesi,09:00 - 18:00; Salı,09:00 - 18:00; Çarşamba,09:00 - 18:00.",Reklam Ajansı,"5,0"
Artı Reklam Tabela Matbaa Promosyon,"Şerifiye mah, Cengiz Topel Sk. 15/B, 81000 Merkez/Düzce",artireklamduzce.business.site,0555 595 86 13,"https://www.google.com/maps/place/Art%C4%B1+Reklam+Tabela+Matbaa+Promosyon/@40.8438464,31.15654,14z/data=!4m8!1m2!2m1!1sajans!3m4!1s0x409d752d008b164d:0xdc5f32333b9ecdc3!8m2!3d40.8407385!4d31.1609315","Perşembe,09:00 - 19:00; Cuma,09:00 - 19:00; Cumartesi,09:30 - 18:00; Pazar,Kapalı; Pazartesi,09:00 - 19:00; Salı,09:00 - 19:00; Çarşamba,09:00 - 19:00.",Reklam Ajansı,"5,0"
"Ajans112 Reklam, Tasarım, Organizasyon ve Aracılık Hizmetleri","Yıldız Mahallesi, Çamlı Sokağı No:13, 34755 Kâğıthane/İstanbul",ajans112.com,0532 471 57 86,"https://www.google.com/maps/place/Ajans112+Reklam,+Tasar%C4%B1m,+Organizasyon+ve+Arac%C4%B1l%C4%B1k+Hizmetleri/@40.8438464,31.15654,14z/data=!4m8!1m2!2m1!1sajans!3m4!1s0x409d752eadd100e9:0x25c5ef40517fe15!8m2!3d40.8450131!4d31.1595781", ,Reklam Ajansı, 
Serbay Interactive,"Merkez, Şerefiye Mh. Rasim Betir Paşa Bulvarı No:3 Kat:3/24, 81010 Düzce Merkez/Düzce",serbay.net,(0380) 523 27 73,"https://www.google.com/maps/place/Serbay+Interactive/@40.8438464,31.15654,14z/data=!4m8!1m2!2m1!1sajans!3m4!1s0x409d7559da996a0d:0x9b60e32a869137f7!8m2!3d40.8441237!4d31.1637553","Perşembe,09:00 - 18:00; Cuma,09:00 - 18:00; Cumartesi,09:00 - 18:00; Pazar,Kapalı; Pazartesi,09:00 - 18:00; Salı,09:00 - 18:00; Çarşamba,09:00 - 18:00.",Reklam Ajansı,"4,5"
Turgut Reklam ve Tabela, ,turgutreklam.com,(0380) 523 06 64,"https://www.google.com/maps/place/Turgut+Reklam+ve+Tabela/@40.8438464,31.15654,14z/data=!4m8!1m2!2m1!1sajans!3m4!1s0x409d7547463e5e1d:0x48259f849104364f!8m2!3d40.8560805!4d31.147086","Perşembe,09:00 - 19:00; Cuma,09:00 - 19:00; Cumartesi,09:00 - 19:00; Pazar,Kapalı; Pazartesi,09:00 - 19:00; Salı,09:00 - 19:00; Çarşamba,09:00 - 19:00.",Reklam Ajansı,"4,3"
MEDYAGON,"Cedidiye Mah. Köprü Sok. Nimet İş Merkezi, D:10, 81000 Merkez/Düzce",medyagon.com,0552 278 81 42,"https://www.google.com/maps/place/MEDYAGON/@40.8438464,31.15654,14z/data=!4m8!1m2!2m1!1sajans!3m4!1s0x409d75dbd7b7259f:0xe20e74e767e53ecc!8m2!3d40.8372079!4d31.1627735","Perşembe,09:00 - 19:00; Cuma,09:00 - 19:00; Cumartesi,09:00 - 19:00; Pazar,09:00 - 19:00; Pazartesi,09:00 - 19:00; Salı,09:00 - 19:00; Çarşamba,09:00 - 19:00.",Reklam Ajansı, 
Düzce Web Tasarım - Alse Medya Reklam,"Şerefiye, Atatürk Blv., 81100 Düzce Merkez/Düzce", ,0532 133 63 00,"https://www.google.com/maps/place/D%C3%BCzce+Web+Tasar%C4%B1m+-+Alse+Medya+Reklam/@40.8438464,31.15654,14z/data=!4m8!1m2!2m1!1sajans!3m4!1s0x409d0ba590d5be11:0x90a6421ada060aae!8m2!3d40.8452524!4d31.1648827","Perşembe,24 saat açık; Cuma,24 saat açık; Cumartesi,24 saat açık; Pazar,24 saat açık; Pazartesi,24 saat açık; Salı,24 saat açık; Çarşamba,24 saat açık.",Reklam Ajansı,"5,0"
Coşkun Reklam,"Burhaniye, Şht. Ruhsar Cd No:49/B, 81010 Merkez/Düzce",facebook.com,0537 289 56 05,"https://www.google.com/maps/place/Co%C5%9Fkun+Reklam/@40.8438464,31.15654,14z/data=!4m8!1m2!2m1!1sajans!3m4!1s0x409d75d178b895ad:0x439308e1cd4b7fd3!8m2!3d40.8401491!4d31.1651309","Perşembe,08:30 - 19:00; Cuma,08:30 - 19:00; Cumartesi,08:30 - 19:00; Pazar,Kapalı; Pazartesi,08:30 - 19:00; Salı,08:30 - 19:00; Çarşamba,08:30 - 19:00.",Reklam Ajansı, 
REKLAMbu Tabela - Tasarım - Reklam,"Azmimilli, Gazhane Cd. No:20/A, 81020 Merkez/Düzce",reklambu.net,0505 751 20 66,"https://www.google.com/maps/place/REKLAMbu+Tabela+-+Tasar%C4%B1m+-+Reklam/@40.8438464,31.15654,14z/data=!4m8!1m2!2m1!1sajans!3m4!1s0x409d75176e6c77d1:0x4dcc60776414a654!8m2!3d40.8363029!4d31.1605817", ,Reklam Ajansı,"5,0"
REKLAM KURDU,"Kültür, mehmet akif caddesi mazhar osman sokak no:4/A, 81100 merkez/Düzce",reklamkurdu.com,0552 785 01 81,"https://www.google.com/maps/place/REKLAM+KURDU/@40.8438464,31.15654,14z/data=!4m8!1m2!2m1!1sajans!3m4!1s0x409d9ff9dbdd9afb:0x488f3b332898b8f3!8m2!3d40.8444699!4d31.1566962","Perşembe,09:00 - 18:00; Cuma,09:00 - 18:00; Cumartesi,09:00 - 18:00; Pazar,Kapalı; Pazartesi,09:00 - 18:00; Salı,09:00 - 18:00; Çarşamba,09:00 - 18:00.",Reklam Ajansı,"5,0"
GRAFİTA REKLAM,"Cedidiye, Zaferi Milli Sk. No:12/A, 81020 Düzce Merkez/Düzce",duzcetso.org.tr,(0380) 514 89 31,"https://www.google.com/maps/place/GRAF%C4%B0TA+REKLAM/@40.8438464,31.15654,14z/data=!4m8!1m2!2m1!1sajans!3m4!1s0x409d75c705a82d53:0x747e77f22ee356fe!8m2!3d40.8366354!4d31.1651572", ,Reklam Ajansı,"4,0"
"Ajans112 Reklam, Tasarım ve Organizasyon","Eski Sanayi Çarşısı No: 387, D:F, 81600 Merkez/Düzce",ajans112.com,0532 440 81 81,"https://www.google.com/maps/place/Ajans112+Reklam,+Tasar%C4%B1m+ve+Organizasyon/@40.8438464,31.15654,14z/data=!4m8!1m2!2m1!1sajans!3m4!1s0x409d75cf7d3051c5:0x82228ebc6e5cad97!8m2!3d40.847415!4d31.1548115","Perşembe,09:00 - 18:30; Cuma,09:00 - 18:30; Cumartesi,09:00 - 18:30; Pazar,Kapalı; Pazartesi,09:00 - 18:30; Salı,09:00 - 18:30; Çarşamba,09:00 - 18:30.",Reklam Ajansı, 
Tayyare Limanı,"Şerefiye, Rasim Betir Paşa Blv. No:3 D:Kat:3 Daire:8, 81100 Merkez/Düzce",tayyarelimani.com,(0380) 523 27 73,"https://www.google.com/maps/place/Tayyare+Liman%C4%B1/@40.8438464,31.15654,14z/data=!4m8!1m2!2m1!1sajans!3m4!1s0x409d755173ff801f:0x9caae9257c217355!8m2!3d40.8438133!4d31.1640573", ,Reklam Ajansı,"5,0"
Yavuz Ofset Medya ve Reklam,"Şerefiye, Rasim Betir Paşa Blv. No:10, 81010, 81010 Düzce Merkez/Düzce", ,(0380) 512 12 12,"https://www.google.com/maps/place/Yavuz+Ofset+Medya+ve+Reklam/@40.8438464,31.15654,14z/data=!4m8!1m2!2m1!1sajans!3m4!1s0x409d7545af6a7f5f:0xa93017fa40b15e6d!8m2!3d40.8443361!4d31.1626297","Perşembe,09:00 - 18:00; Cuma,09:00 - 18:00; Cumartesi,09:00 - 18:00; Pazar,Kapalı; Pazartesi,09:00 - 18:00; Salı,09:00 - 18:00; Çarşamba,09:00 - 18:00.",Reklam Ajansı,"4,0"
Grafinyum,"Camikebir Mah, Mareşal Fevzi Çakmak Sk. No:12 D:107, 81100 Düzce Merkez/Düzce",grafinyum.com.tr,0536 507 70 71,"https://www.google.com/maps/place/Grafinyum/@40.8438464,31.15654,14z/data=!4m8!1m2!2m1!1sajans!3m4!1s0x409d7546f7de474f:0x3838706405e6c472!8m2!3d40.8389178!4d31.1582873","Perşembe,09:00 - 19:00; Cuma,09:00 - 19:00; Cumartesi,11:00 - 18:00; Pazar,Kapalı; Pazartesi,09:00 - 19:00; Salı,09:00 - 19:00; Çarşamba,09:00 - 19:00.",Reklam Ajansı,"5,0"
Cihan Reklam Ajansı,"Merkez Mahallesi, Uzunmustafa Mah. D-100 Karayolu Üzeri, Dsi Karşısı No:457, 81000 Merkez/Düzce",cihanreklamajansi.com,(0380) 524 64 55,"https://www.google.com/maps/place/Cihan+Reklam+Ajans%C4%B1/@40.8438464,31.15654,14z/data=!4m8!1m2!2m1!1sajans!3m4!1s0x409d9f712140f7df:0xf18cbe58bd602a5!8m2!3d40.8479718!4d31.1469937", ,Reklam Ajansı, 
Biz Reklam,"Kiremitocağı, Palacı Ahmet Sk. No:10, 81020 Düzce Merkez/Düzce", ,0532 362 41 03,"https://www.google.com/maps/place/Biz+Reklam/@40.8438464,31.15654,14z/data=!4m8!1m2!2m1!1sajans!3m4!1s0x409d755f2e2cd0cd:0xc2d8657362e8a3d9!8m2!3d40.8392144!4d31.1496461","Perşembe,08:00 - 18:00; Cuma,08:00 - 18:00; Cumartesi,08:00 - 18:00; Pazar,Kapalı; Pazartesi,08:00 - 18:00; Salı,08:00 - 18:00; Çarşamba,08:00 - 18:00.",Reklam Ajansı,"5,0"
Biz reklam,"Çay, Ela Bahriye Oral Blv. no:17, 81000 Merkez/Düzce",biz-reklam.business.site,0555 500 10 20,"https://www.google.com/maps/place/Biz+reklam/@40.8438464,31.15654,14z/data=!4m8!1m2!2m1!1sajans!3m4!1s0x409d75806a339343:0xf39de9b6de4e4685!8m2!3d40.8352177!4d31.150239", ,Reklam Ajansı, 
REKLAMOB REKLAM & MOBİLYA,"Azmimilli, Gazhane Cd. No:20, 81020 Düzce Merkez/Düzce",reklamob.net,(0380) 523 35 65,"https://www.google.com/maps/place/REKLAMOB+REKLAM+%26+MOB%C4%B0LYA/@40.8438464,31.15654,14z/data=!4m8!1m2!2m1!1sajans!3m4!1s0x409d7544a6ce9835:0x6755aad5eb5b381c!8m2!3d40.8362826!4d31.1605921", ,Reklam Ajansı,"3,5"
Reklamvs,"Şerefiye, 334. Sk., 81010 Düzce Merkez/Düzce", ,0541 838 88 81,"https://www.google.com/maps/place/Reklamvs/@40.8438464,31.15654,14z/data=!4m8!1m2!2m1!1sajans!3m4!1s0x409d7556c9852db9:0xf87f2afc6a2bb480!8m2!3d40.8449939!4d31.1633546","Perşembe,24 saat açık; Cuma,24 saat açık; Cumartesi,24 saat açık; Pazar,Kapalı; Pazartesi,24 saat açık; Salı,24 saat açık; Çarşamba,24 saat açık.",Reklam Ajansı,"4,9"
Tetri Reklam Hizmetleri,"Yeni Mahalle, Saka Sk. No:10, 34890 Pendik/İstanbul", ,(0380) 524 50 00,"https://www.google.com/maps/place/Tetri+Reklam+Hizmetleri/@40.8438464,31.15654,14z/data=!4m8!1m2!2m1!1sajans!3m4!1s0x409d9ffebb41c1ef:0x759092f47abac8ee!8m2!3d40.8489!4d31.1519834","Perşembe,09:00 - 21:00; Cuma,09:00 - 21:00; Cumartesi,09:00 - 21:00; Pazar,Kapalı; Pazartesi,09:00 - 21:00; Salı,09:00 - 21:00; Çarşamba,09:00 - 21:00.",Reklam Ajansı,"5,0"
Reklam Arena,"Cedidiye, Bolu Cd. NO:66/F, 81010 merkez/Düzce",reklamarena.com,0554 909 89 19,"https://www.google.com/maps/place/Reklam+Arena/@40.8438464,31.15654,14z/data=!4m8!1m2!2m1!1sajans!3m4!1s0x409d7551a2646753:0x1c5ca1bb3761643f!8m2!3d40.836366!4d31.16875","Perşembe,08:00 - 18:30; Cuma,08:00 - 18:30; Cumartesi,08:00 - 18:30; Pazar,Kapalı; Pazartesi,08:00 - 18:30; Salı,08:00 - 18:30; Çarşamba,08:00 - 18:30.",Reklam Ajansı, 
BeAdworks,"Burhaniye, Şht. Ruhsar Cd No:34/7, 81100 Merkez/Düzce Merkez/Düzce Merkez/Düzce", ,0546 605 17 52,"https://www.google.com/maps/place/BeAdworks/@40.8438464,31.15654,14z/data=!4m8!1m2!2m1!1sajans!3m4!1s0x409d755b69cc6c59:0xc0f091728b14e6b9!8m2!3d40.840208!4d31.1643039","Perşembe,10:00 - 18:00; Cuma,10:00 - 18:00; Cumartesi,10:00 - 18:00; Pazar,Kapalı; Pazartesi,10:00 - 18:00; Salı,10:00 - 18:00; Çarşamba,10:00 - 18:00.",Reklam Ajansı,"4,0"
Panorama Tanıtım,"Uzun Mustafa, Kuyumcuzade Blv. No:70, 81010 Merkez/Düzce",panorama-tanitim.com,0530 950 94 37,"https://www.google.com/maps/place/Panorama+Tan%C4%B1t%C4%B1m/@40.8438464,31.15654,14z/data=!4m8!1m2!2m1!1sajans!3m4!1s0x409d755874edd6df:0xcd789bd1ab7ed408!8m2!3d40.842726!4d31.151039","Perşembe,09:30 - 23:30; Cuma,09:30 - 23:30; Cumartesi,09:30 - 23:30; Pazar,09:30 - 23:30; Pazartesi,09:30 - 23:30; Salı,09:30 - 23:30; Çarşamba,09:30 - 23:30.",Reklam Ajansı, 
Cihan Reklam Ajansı & Tabela,"Uzun Mustafa, 866. Sk No:459, 81010, 81010 Düzce Merkez/Düzce",cihanreklamajansi.com,(0380) 524 64 55,"https://www.google.com/maps/place/Cihan+Reklam+Ajans%C4%B1+%26+Tabela/@40.8438464,31.15654,14z/data=!4m8!1m2!2m1!1sajans!3m4!1s0x409d9f3c88cff781:0x39ad67cddcb025b!8m2!3d40.8479366!4d31.146952","Perşembe,08:30 - 19:00; Cuma,08:30 - 19:00; Cumartesi,08:30 - 17:00; Pazar,Kapalı; Pazartesi,08:30 - 19:00; Salı,08:30 - 19:00; Çarşamba,08:30 - 19:00.",Reklam Ajansı,"5,0"
Ses Reklam,"Azmimilli Mah, Merkez, Aydınpınar Cd., 81010 Düzce Merkez/Düzce", ,0532 233 81 87,"https://www.google.com/maps/place/Ses+Reklam/@40.8438464,31.15654,14z/data=!4m8!1m2!2m1!1sajans!3m4!1s0x409d758a9a91634f:0xab09bb25928a3962!8m2!3d40.83263!4d31.1552825", ,Reklam Ajansı, 
Düzce Star Reklam,"Kültür, Spor Sk. No:27, 81600 Düzce Merkez/Düzce",duzcestarreklam.com,0535 211 50 41,"https://www.google.com/maps/place/D%C3%BCzce+Star+Reklam/@40.8438464,31.15654,14z/data=!4m8!1m2!2m1!1sajans!3m4!1s0x409d7559be8ce241:0xaca55c0154012257!8m2!3d40.841331!4d31.1547318", ,Reklam Ajansı,"4,1"
SH Web ve Grafik Tasarım,"Hastane Cad. Serdar Seven İş Merkezi Kat:1 No:25, 81000 Düzce Merkez/Düzce",shtasarim.com,(0380) 512 04 41,"https://www.google.com/maps/place/SH+Web+ve+Grafik+Tasar%C4%B1m/@40.8438464,31.15654,14z/data=!4m8!1m2!2m1!1sajans!3m4!1s0x409d9fe16ee57549:0x8964f7ec0eeaec5e!8m2!3d40.840782!4d31.143324","Perşembe,09:00 - 18:30; Cuma,09:00 - 18:30; Cumartesi,09:00 - 18:30; Pazar,Kapalı; Pazartesi,09:00 - 18:30; Salı,09:00 - 18:30; Çarşamba,09:00 - 18:30.",Reklam Ajansı, 
Rakun Kollektif,"Merkez, Camikebir Mahellesi Rihtim Sokak Pak Ekizceli Is Merkezi No 127, 81100 Düzce", ,(0380) 523 78 57,"https://www.google.com/maps/place/Rakun+Kollektif/@40.8438464,31.15654,14z/data=!4m8!1m2!2m1!1sajans!3m4!1s0x409d755b434e97b1:0xb5a312bca207344c!8m2!3d40.837521!4d31.158771","Perşembe,08:30 - 19:30; Cuma,08:30 - 19:30; Cumartesi,09:30 - 18:30; Pazar,Kapalı; Pazartesi,08:30 - 19:30; Salı,08:30 - 19:30; Çarşamba,08:30 - 19:30.",Reklam Ajansı,"5,0"
Cihan Reklam Ajansı &Tabela,"Uzun Mustafa, Düzce/merkez, D-100 karayolu cad no:459/A 81010, 81010 Merkez",cihanreklamajansi.com,0535 075 81 00,"https://www.google.com/maps/place/Cihan+Reklam+Ajans%C4%B1+%26Tabela/@40.8438464,31.15654,14z/data=!4m8!1m2!2m1!1sajans!3m4!1s0x409d9f06dacbdb07:0x5ed5abcaafb3a40!8m2!3d40.847991!4d31.147217", ,Reklam Ajansı, 
Moda Reklam Ajansı,"Akınlar, Akınlar, Küçük Sanayi Sitesi, Akınlar Mah, 2615 Sk., 81100 Düzce Merkez/Düzce", ,(0380) 524 42 24,"https://www.google.com/maps/place/Moda+Reklam+Ajans%C4%B1/@40.8438464,31.15654,14z/data=!4m8!1m2!2m1!1sajans!3m4!1s0x409d9f8c769f6233:0x479076d6e6e9c074!8m2!3d40.852328!4d31.1176236","Perşembe,09:00 - 18:00; Cuma,09:00 - 18:00; Cumartesi,09:00 - 13:00; Pazar,Kapalı; Pazartesi,09:00 - 18:00; Salı,09:00 - 18:00; Çarşamba,09:00 - 18:00.",Reklam Ajansı, 
Güven Ofset,"Kültür, Rasim Betir Paşa Blv. No:49, 81600 Düzce Merkez/Düzce",duzceguvenofset.com, ,"https://www.google.com/maps/place/G%C3%BCven+Ofset/@40.8438464,31.15654,14z/data=!4m8!1m2!2m1!1sajans!3m4!1s0x409d7556f6665d13:0x2ccb6df834f9207b!8m2!3d40.8448598!4d31.1579666", ,Reklam Ajansı, 
Oxijen Medya Reklam,"Kültür, Akçam Sk. No:7, 81600 Düzce Merkez/Düzce",oxijenmedya.com,(0380) 514 19 49,"https://www.google.com/maps/place/Oxijen+Medya+Reklam/@40.8438464,31.15654,14z/data=!4m8!1m2!2m1!1sajans!3m4!1s0x409d75537a31b109:0x4332c9366e78d524!8m2!3d40.841041!4d31.148244", ,Reklam Ajansı,"4,1"
Sönmez Reklam,"Fatih, D100 Karayolu No:462/A, 81030 Düzce Merkez/Düzce",sonmezreklam.com,(0380) 523 72 55,"https://www.google.com/maps/place/S%C3%B6nmez+Reklam/@40.8438464,31.15654,14z/data=!4m8!1m2!2m1!1sajans!3m4!1s0x409d8e6f79b9f76f:0x2816b341af91d92c!8m2!3d40.8486254!4d31.1418263","Perşembe,08:30 - 18:00; Cuma,08:30 - 18:00; Cumartesi,08:30 - 18:00; Pazar,Kapalı; Pazartesi,08:30 - 18:00; Salı,08:30 - 18:00; Çarşamba,08:30 - 18:00.",Reklam Ajansı,"4,9"
Reklamob Reklam & Tabela Düzce,"Merkez, Camikebir Mah. No:67 DÜZCE, Kuyumcuzade Blv., 81100 Düzce",reklamob.net,(0380) 523 35 65,"https://www.google.com/maps/place/Reklamob+Reklam+%26+Tabela+D%C3%BCzce/@40.8438464,31.15654,14z/data=!4m8!1m2!2m1!1sajans!3m4!1s0x409d755ec28528b1:0x27cb943304c9714b!8m2!3d40.83824!4d31.150571", ,Reklam Ajansı,"3,8"
Grafikir Design,"Aziziye, 996. Sk. No:7/A, 81010 Merkez/Düzce", ,0553 954 64 81,"https://www.google.com/maps/place/Grafikir+Design/@40.8438464,31.15654,14z/data=!4m8!1m2!2m1!1sajans!3m4!1s0x409d9fd84b4fc5af:0xda30b9c624210f38!8m2!3d40.8398563!4d31.139206","Perşembe,09:00 - 19:00; Cuma,09:00 - 19:00; Cumartesi,09:00 - 19:00; Pazar,Kapalı; Pazartesi,09:00 - 19:00; Salı,09:00 - 19:00; Çarşamba,09:00 - 19:00.",Reklam Ajansı,"5,0"
Senkron Bilgisayar,"Burhaniye, Gaziantep Cad./çınlar Sok. Çınlar Pasajı No:6 D:2/b, 81010 Düzce Merkez/Düzce", ,(0380) 514 18 20,"https://www.google.com/maps/place/Senkron+Bilgisayar/@40.8438464,31.15654,14z/data=!4m8!1m2!2m1!1sajans!3m4!1s0x409d75539e474849:0xa2d5f0270a5b3214!8m2!3d40.83872!4d31.162609", ,İnternet Pazarlamacılığı Hizmeti, 
Tipografik Reklam,"Uzun Mustafa, Kuyumcuzade Blv. no:66, 81010 Düzce Merkez/Düzce",tipografik.net,(0380) 514 49 29,"https://www.google.com/maps/place/Tipografik+Reklam/@40.8438464,31.15654,14z/data=!4m8!1m2!2m1!1sajans!3m4!1s0x409d9fe2a7710a2b:0xdc587a65dc9318ea!8m2!3d40.842999!4d31.150999","Perşembe,09:00 - 18:00; Cuma,09:00 - 18:00; Cumartesi,09:00 - 18:00; Pazar,Kapalı; Pazartesi,09:00 - 18:00; Salı,09:00 - 18:00; Çarşamba,09:00 - 18:00.",Reklam Ajansı,"4,9"
Gül Ajans,"Şerefiye, Cengiz Topel Sk. No:4, 81010 Düzce Merkez/Düzce",gulajans.com.tr,(0380) 514 28 99,"https://www.google.com/maps/place/G%C3%BCl+Ajans/@40.8438464,31.15654,14z/data=!4m8!1m2!2m1!1sajans!3m4!1s0x409d755376960833:0x69d940bce790c0a4!8m2!3d40.839964!4d31.1607299", , , 
Tmo-düzce Ajans Müdürlüğü,"Şerefiye, Uzunzade Sk., 81010 Düzce Merkez/Düzce", , ,"https://www.google.com/maps/place/Tmo-d%C3%BCzce+Ajans+M%C3%BCd%C3%BCrl%C3%BC%C4%9F%C3%BC/@40.8438464,31.15654,14z/data=!4m8!1m2!2m1!1sajans!3m4!1s0x409d755acb92e195:0x96b98de6295d74a5!8m2!3d40.839188!4d31.162009", ,Yerel Resmi Daire,"5,0"
Azim Reklam Yapı Ürünleri,"Aziziye, Aziziye Mah.İstanbul Cad, 996. Sk. No:7/D, 81100 Düzce Merkez/Düzce",azimreklamurunleri.com,0505 523 50 91,"https://www.google.com/maps/place/Azim+Reklam+Yap%C4%B1+%C3%9Cr%C3%BCnleri/@40.8438464,31.15654,14z/data=!4m8!1m2!2m1!1sajans!3m4!1s0x409d7557a9acd001:0x55d2e9b1fdd90274!8m2!3d40.8398563!4d31.139206","Perşembe,08:00 - 18:00; Cuma,08:00 - 18:00; Cumartesi,08:00 - 18:00; Pazar,Kapalı; Pazartesi,08:00 - 18:00; Salı,08:00 - 18:00; Çarşamba,08:00 - 18:00.",Reklam Ajansı,"3,7"
Tutkun Ajans Promosyon,"Cedidiye, Bolu Cd. No:66, 81020 Düzce Merkez/Düzce", , ,"https://www.google.com/maps/place/Tutkun+Ajans+Promosyon/@40.8438464,31.15654,14z/data=!4m8!1m2!2m1!1sajans!3m4!1s0x409d75466060ec53:0x1f42313a53f7211b!8m2!3d40.8364045!4d31.1686969", , , 
M&B Ajans,"Camikebir, 657. Sk. No:16, 81020 Düzce Merkez/Düzce", , ,"https://www.google.com/maps/place/M%26B+Ajans/@40.8438464,31.15654,14z/data=!4m8!1m2!2m1!1sajans!3m4!1s0x409d755ba218a5fb:0xfae61dae6e5e8659!8m2!3d40.838619!4d31.157209", , ,"5,0"
Neden Yapım,"Şerefiye Mh. Necatibey Sk, Sürücü Psj No: z/14, 81010",nedenyapim.com,0555 832 32 49,"https://www.google.com/maps/place/Neden+Yap%C4%B1m/@40.8438464,31.15654,14z/data=!4m8!1m2!2m1!1sajans!3m4!1s0x409d7564a1dfb223:0xb04d22fbe292f0c5!8m2!3d40.8420309!4d31.1606438","Perşembe,09:00 - 21:00; Cuma,09:00 - 21:00; Cumartesi,09:00 - 18:00; Pazar,Kapalı; Pazartesi,09:00 - 21:00; Salı,09:00 - 21:00; Çarşamba,09:00 - 21:00.",Video Prodüksiyon Hizmeti,"5,0"
Gül Ajans Reklam Ltd.Şti,"Şerefiye, Şht. Ruhsar Sk. No:16, 81100 Düzce Merkez/Düzce",gulajans.com.tr,(0380) 514 74 50,"https://www.google.com/maps/place/G%C3%BCl+Ajans+Reklam+Ltd.%C5%9Eti/@40.8438464,31.15654,14z/data=!4m8!1m2!2m1!1sajans!3m4!1s0x409d7550756c9bab:0x57525f6142d8fe43!8m2!3d40.840632!4d31.161818","Perşembe,Kapalı; Cuma,Kapalı; Cumartesi,Kapalı; Pazar,09:00 - 22:00; Pazartesi,Kapalı; Salı,Kapalı; Çarşamba,Kapalı.",Bilgisayar mağazası,"5,0"
ALIŞVERİŞİSTAN,"Cedidiye, Mimar Sinan Cd. No:19, 81020 Düzce Merkez/Düzce",alisverisistan.com, ,"https://www.google.com/maps/place/ALI%C5%9EVER%C4%B0%C5%9E%C4%B0STAN/@40.8438464,31.15654,14z/data=!4m8!1m2!2m1!1sajans!3m4!1s0x409d7544bbb6bf77:0x1cf9e7a01a8a3f0!8m2!3d40.837035!4d31.161006","Perşembe,24 saat açık; Cuma,24 saat açık; Cumartesi,24 saat açık; Pazar,24 saat açık; Pazartesi,24 saat açık; Salı,24 saat açık; Çarşamba,24 saat açık.",İnternet Pazarlamacılığı Hizmeti,"4,6"
Şahin Reklam,"D-100 Karayolu Üzeri Vakıf Sapağı Mevki, 81000 Merkez",sahinreklam.net,0532 523 31 17,"https://www.google.com/maps/place/%C5%9Eahin+Reklam/@40.8438464,31.15654,14z/data=!4m8!1m2!2m1!1sajans!3m4!1s0x409d9f3d9a38f9ff:0x57445509c468ff94!8m2!3d40.8484621!4d31.0999987","Perşembe,24 saat açık; Cuma,24 saat açık; Cumartesi,24 saat açık; Pazar,24 saat açık; Pazartesi,24 saat açık; Salı,24 saat açık; Çarşamba,24 saat açık.",Reklam Ajansı,"5,0"
5t5 Yazılım ve Ajans,"Kültür Mah, Süleyman Kuyumcu Cd. No:55/2, 81600 Düzce Merkez/Düzce",yazilim5t5.com,0543 542 09 81,"https://www.google.com/maps/place/5t5+Yaz%C4%B1l%C4%B1m+ve+Ajans/@40.8438464,31.15654,14z/data=!4m8!1m2!2m1!1sajans!3m4!1s0x409d75512a04c257:0xddda33a9084afba1!8m2!3d40.8434887!4d31.1602006", ,Yazılım Şirketi, 
YUNUS OFSET,"Şerefiye, Atatürk Blv. 21 / A, 81010 Düzce Merkez/Düzce",yunus-ofset.business.site,(0380) 524 54 54,"https://www.google.com/maps/place/YUNUS+OFSET/@40.8438464,31.15654,14z/data=!4m8!1m2!2m1!1sajans!3m4!1s0x409d755aa9baf371:0xc7853c2a246a4497!8m2!3d40.840211!4d31.162951","Perşembe,09:00 - 19:30; Cuma,09:00 - 19:30; Cumartesi,09:00 - 19:30; Pazar,Kapalı; Pazartesi,09:00 - 19:30; Salı,09:00 - 19:30; Çarşamba,09:00 - 19:30.",Reklam Hizmetleri,"5,0"
Kanal 380,"Merkez, Şerefiye Mah. Şehit Ruhsar Cad. Kasapoğlu Apt. D.Serbestlik Binası Karşısı, 81100 Düzce",kanal380.com,(0380) 514 89 70,"https://www.google.com/maps/place/Kanal+380/@40.8438464,31.15654,14z/data=!4m8!1m2!2m1!1sajans!3m4!1s0x409d755422619ac5:0xacfe151773afb893!8m2!3d40.8409737!4d31.1601003","Perşembe,08:00 - 19:00; Cuma,08:00 - 19:00; Cumartesi,08:00 - 19:00; Pazar,Kapalı; Pazartesi,08:00 - 19:00; Salı,08:00 - 19:00; Çarşamba,08:00 - 19:00.",Televizyon İstasyonu, 
Wage Bilişim,"Camikebir, Şen Sk. No:19, 81010 Merkez/Düzce", ,(0380) 512 08 82,"https://www.google.com/maps/place/Wage+Bili%C5%9Fim/@40.8438464,31.15654,14z/data=!4m8!1m2!2m1!1sajans!3m4!1s0x409d754949b14ccf:0xa49287910191071a!8m2!3d40.8383239!4d31.1562404", ,İnternet Pazarlamacılığı Hizmeti, 
MOVİZİ BİLİŞİM TEKNOLOJİLERİ LTD. ŞTİ,"Azmimilli, 413. Sk. No:1, 81020 Merkez/Düzce",mobiliz.com.tr,0533 039 26 81,"https://www.google.com/maps/place/MOV%C4%B0Z%C4%B0+B%C4%B0L%C4%B0%C5%9E%C4%B0M+TEKNOLOJ%C4%B0LER%C4%B0+LTD.+%C5%9ET%C4%B0/@40.8438464,31.15654,14z/data=!4m8!1m2!2m1!1sajans!3m4!1s0x409d758036c7778d:0x3057a887c5e0f3b4!8m2!3d40.835462!4d31.1593699","Perşembe,09:00 - 18:00; Cuma,09:00 - 18:00; Cumartesi,09:00 - 18:00; Pazar,Kapalı; Pazartesi,09:00 - 18:00; Salı,09:00 - 18:00; Çarşamba,09:00 - 18:00.",Pazarlama Ajansı, 
Düzce Firma Rehberi (Web Tasarım & Grafik Tasarım Hizmetleri), ,firmarehberin.com,0505 815 97 58,"https://www.google.com/maps/place/D%C3%BCzce+Firma+Rehberi+(Web+Tasar%C4%B1m+%26+Grafik+Tasar%C4%B1m+Hizmetleri)/@38.9915077,35.2241915,14z/data=!4m8!1m2!2m1!1sajans!3m4!1s0x409d0bd7693ec17f:0x197666549510da1d!8m2!3d38.9915077!4d35.241701", ,Reklam Ajansı,"5,0"
Arena İletişim,"Nusrettin, 219. Sk., 81010 Düzce Merkez/Düzce", ,0545 380 81 81,"https://www.google.com/maps/place/Arena+%C4%B0leti%C5%9Fim/@40.8438464,31.15654,14z/data=!4m8!1m2!2m1!1sajans!3m4!1s0x409d7547edfc2a1f:0x90c18511c07add02!8m2!3d40.8362875!4d31.1735097","Perşembe,10:00 - 17:30; Cuma,10:00 - 17:30; Cumartesi,10:00 - 15:30; Pazar,Kapalı; Pazartesi,10:00 - 17:30; Salı,10:00 - 17:30; Çarşamba,10:00 - 17:30.",Yayıncı, 
Ahmet Bozdemir,"Çay, Saim Tut Sk. No:1, 81100 Düzce Merkez/Düzce",bozdemir.business.site,0532 584 74 55,"https://www.google.com/maps/place/Ahmet+Bozdemir/@40.8438464,31.15654,14z/data=!4m8!1m2!2m1!1sajans!3m4!1s0x409d75443778f783:0x8700a55e87fe0a54!8m2!3d40.8356105!4d31.1518686", ,Bilgisayar Danışmanı, 
Dogu Marmara Kalkınma Ajansı Düzce Yatırım Destek Ofisi,"Kültür, Süleyman Kuyumcu Cd. No:15, 81100 Düzce Merkez/Düzce", ,(0262) 332 01 44,"https://www.google.com/maps/place/Dogu+Marmara+Kalk%C4%B1nma+Ajans%C4%B1+D%C3%BCzce+Yat%C4%B1r%C4%B1m+Destek+Ofisi/@40.8438464,31.15654,14z/data=!4m8!1m2!2m1!1sajans!3m4!1s0x409da06d1646af7d:0x655c259d7eaf3a4f!8m2!3d40.84033!4d31.1593819","Perşembe,08:30 - 17:30; Cuma,08:30 - 17:30; Cumartesi,08:30 - 17:30; Pazar,Kapalı; Pazartesi,08:30 - 17:30; Salı,08:30 - 17:30; Çarşamba,08:30 - 17:30.",Yerel Resmi Daire, 
Mts Reklam Ajansi,"Azmimilli, İstanbul Cd. NO:67, 81020 Düzce Merkez/Düzce", , ,"https://www.google.com/maps/place/Mts+Reklam+Ajansi/@40.8438464,31.15654,14z/data=!4m8!1m2!2m1!1sajans!3m4!1s0x409d7558de335a31:0x7cf6c65a2c89f55f!8m2!3d40.8401922!4d31.1515331", , , 
Düzce Web Tasarım,"Karahacımusa Mah, Servet Bucurgat Caddesi No 7/27, 81000 Merkez/Düzce",ikragrafik.com,0505 815 97 58,"https://www.google.com/maps/place/D%C3%BCzce+Web+Tasar%C4%B1m/@40.8438464,31.15654,14z/data=!4m8!1m2!2m1!1sajans!3m4!1s0x409da1547f2dcdc5:0xe0d953883ac23127!8m2!3d40.8559752!4d31.1507165","Perşembe,09:00 - 21:00; Cuma,09:00 - 21:00; Cumartesi,09:00 - 21:00; Pazar,09:00 - 21:00; Pazartesi,09:00 - 21:00; Salı,09:00 - 21:00; Çarşamba,09:00 - 21:00.",Web Sitesi Tasarımcısı,"5,0"
Ajans 360 Bolu Reklam & Web Ajansı,"Borazanlar, Mehmet Akif Ersoy Blv. 23/1, 14100 Bolu Merkez/Bolu",ajans360.com,(0374) 222 82 22,"https://www.google.com/maps/place/Ajans+360+Bolu+Reklam+%26+Web+Ajans%C4%B1/@40.7316822,31.5714527,14z/data=!4m8!1m2!2m1!1sajans!3m4!1s0x409d3f77116d9227:0xd2ecfee5b45a2c97!8m2!3d40.7316822!4d31.5889622","Perşembe,09:00 - 19:00; Cuma,09:00 - 19:00; Cumartesi,09:00 - 19:00; Pazar,Kapalı; Pazartesi,09:00 - 19:00; Salı,09:00 - 19:00; Çarşamba,09:00 - 19:00.",Reklam Ajansı,"5,0"
Ümit Gayrimenkul Danışmanlık,"Şerefiye, İstanbul Cd. No:6, 81600 Düzce Merkez/Düzce", ,0545 201 81 81,"https://www.google.com/maps/place/%C3%9Cmit+Gayrimenkul+Dan%C4%B1%C5%9Fmanl%C4%B1k/@40.8438464,31.15654,14z/data=!4m8!1m2!2m1!1sajans!3m4!1s0x409d75f838098477:0xb6684c4d99377401!8m2!3d40.8388773!4d31.1623149","Perşembe,08:30 - 20:00; Cuma,08:30 - 20:00; Cumartesi,08:30 - 20:00; Pazar,10:00 - 03:00; Pazartesi,08:30 - 20:00; Salı,08:30 - 20:00; Çarşamba,08:30 - 20:00.",Emlak Bürosu,"5,0"
CELİK&VARLI RENT ACAR,"Merkez, şerefiye mh.ümit sk.kasapoğlu iş mrk.no:16/C DÜZCE, 81100 Düzce", ,0532 385 01 81,"https://www.google.com/maps/place/CEL%C4%B0K%26VARLI+RENT+ACAR/@40.8438464,31.15654,14z/data=!4m8!1m2!2m1!1sajans!3m4!1s0x409d755a873c293f:0x7a1e476cb69f0aca!8m2!3d40.83872!4d31.162609","Perşembe,24 saat açık; Cuma,24 saat açık; Cumartesi,24 saat açık; Pazar,24 saat açık; Pazartesi,24 saat açık; Salı,24 saat açık; Çarşamba,24 saat açık.",Araba Kiralama Şirketi,"5,0"
Onr Ajans,"Karaçayır Mahallesi Eflatun Sokak İde İş Merkezi, D:No:13/15, 14100 Bolu Merkez/Bolu",onrajans.com,0534 704 46 59,"https://www.google.com/maps/place/Onr+Ajans/@40.728665,31.5879125,14z/data=!4m8!1m2!2m1!1sajans!3m4!1s0x409d3f27453a3a71:0xc83611469c16d826!8m2!3d40.728665!4d31.605422","Perşembe,09:00 - 19:00; Cuma,09:00 - 19:00; Cumartesi,09:00 - 19:00; Pazar,Kapalı; Pazartesi,09:00 - 19:00; Salı,09:00 - 19:00; Çarşamba,09:00 - 19:00.",Reklam Ajansı,"5,0"
Medya Plus Reklam Ajansı,"Kültür, 81600 Düzce Merkez/Düzce", ,(0380) 512 01 81,"https://www.google.com/maps/place/Medya+Plus+Reklam+Ajans%C4%B1/@40.8438464,31.15654,14z/data=!4m8!1m2!2m1!1sajans!3m4!1s0x409d9fe16d6abe83:0x8f884bc364dcf2b0!8m2!3d40.840497!4d31.143182","Perşembe,09:00 - 18:30; Cuma,09:00 - 18:30; Cumartesi,Kapalı; Pazar,Kapalı; Pazartesi,09:00 - 18:30; Salı,09:00 - 18:30; Çarşamba,09:00 - 18:30.",Medya Şirketi, 
Via Creative - Dijital Ajans & Prodüksiyon,"Paşaköy, D100 No:16, 14100, Bolu Merkez/Bolu", , ,"https://www.google.com/maps/place/Via+Creative+-+Dijital+Ajans+%26+Prod%C3%BCksiyon/@40.7315772,31.5441864,14z/data=!4m8!1m2!2m1!1sajans!3m4!1s0x409d3f49d5ef7efd:0xafe2c3648401edf5!8m2!3d40.7315772!4d31.5616959", ,Reklam Ajansı,"5,0"
Al Sehzade Turizm,"BÜYÜKCAMİ MEYDANI, EĞİLMEZ PASAJI, K: 2, NO: 4, Düzce Merkez/Düzce",sehzadetur.com,(0380) 514 20 40,"https://www.google.com/maps/place/Al+Sehzade+Turizm/@40.8438464,31.15654,14z/data=!4m8!1m2!2m1!1sajans!3m4!1s0x409d7545339a5e19:0xcd07f26e4e37cd1c!8m2!3d40.8389767!4d31.1624104", ,Seyahat Acentesi, 
AJANS 14 REKLAM,"Sümer, Seyhan Sk. No:2, 14100 Bolu Merkez/Bolu", , ,"https://www.google.com/maps/place/AJANS+14+REKLAM/@40.7229972,31.5769758,14z/data=!4m8!1m2!2m1!1sajans!3m4!1s0x409d3f0ffa2da98d:0x57b3524ee7ccd5ac!8m2!3d40.7229972!4d31.5944853", ,Reklam Ajansı, 
"Hür Grup - Emlak, Oto, Medya, Radyo - hurgrup.com","Şerefiye, İnönü Sk. No:10, 81100 Düzce Merkez/Düzce",duzcehuremlak.com,0850 693 0081,"https://www.google.com/maps/place/H%C3%BCr+Grup+-+Emlak,+Oto,+Medya,+Radyo+-+hurgrup.com/@40.8438464,31.15654,14z/data=!4m8!1m2!2m1!1sajans!3m4!1s0x409d75508ad55b4b:0x3c5e666e02c700a!8m2!3d40.841577!4d31.161635","Perşembe,09:00 - 17:30; Cuma,09:00 - 17:30; Cumartesi,09:00 - 17:30; Pazar,Kapalı; Pazartesi,09:00 - 17:30; Salı,09:00 - 17:30; Çarşamba,09:00 - 17:30.",Emlak Bürosu,"4,9"
Bektaş Emlak,"Şerefiye, İstanbul Cad. Dokumacı Pasajı No:4, 81010 Düzce Merkez/Düzce",ahmetbektasemlak.com,(0380) 524 11 22,"https://www.google.com/maps/place/Bekta%C5%9F+Emlak/@40.8438464,31.15654,14z/data=!4m8!1m2!2m1!1sajans!3m4!1s0x409d8f2ef5fac2ab:0x547b825b88fd7fea!8m2!3d40.8388151!4d31.1620491", ,Emlak Bürosu,"5,0"
Bulut Sigorta,"Şerefiye, İstanbul Cd. No:36, 81010 Düzce Merkez/Düzce", ,(0380) 514 66 50,"https://www.google.com/maps/place/Bulut+Sigorta/@40.8438464,31.15654,14z/data=!4m8!1m2!2m1!1sajans!3m4!1s0x409d7554a77fee4b:0x663d410ca989b70a!8m2!3d40.8389838!4d31.1613194","Perşembe,09:00 - 18:00; Cuma,09:00 - 18:00; Cumartesi,12:00 - 18:00; Pazar,Kapalı; Pazartesi,09:00 - 18:00; Salı,09:00 - 18:00; Çarşamba,09:00 - 18:00.",Sigorta Acentesi,"5,0"
Emlak Market,"Cedidiye, Bulak İş Hanı, Necip Güney Sk. D:5, 81020 Düzce Merkez/Düzce", ,(0380) 524 44 00,"https://www.google.com/maps/place/Emlak+Market/@40.8438464,31.15654,14z/data=!4m8!1m2!2m1!1sajans!3m4!1s0x409d7554a6af5b55:0xe8fbddad086eb5c2!8m2!3d40.8383441!4d31.1614365","Perşembe,08:00 - 19:00; Cuma,08:00 - 19:00; Cumartesi,08:00 - 19:00; Pazar,Kapalı; Pazartesi,08:00 - 19:00; Salı,08:00 - 19:00; Çarşamba,08:00 - 19:00.",Emlak Bürosu, 
Ajans Ulusoy,"Merkez, Köroğlu Mahallesi Teyfikbey Caddesi Kılıç Apartmanı No:14/A, 14200 Bolu",ajansulusoy.com,0552 235 14 14,"https://www.google.com/maps/place/Ajans+Ulusoy/@40.734038,31.5999825,14z/data=!4m8!1m2!2m1!1sajans!3m4!1s0x409d3f3e27a08de9:0xf2818f18e23179be!8m2!3d40.734038!4d31.617492","Perşembe,09:00 - 19:00; Cuma,09:00 - 19:00; Cumartesi,09:00 - 14:00; Pazar,Kapalı; Pazartesi,09:00 - 19:00; Salı,09:00 - 19:00; Çarşamba,09:00 - 19:00.",Reklam Ajansı,"5,0"
Devasa Dijital Ajans,"Akpınar mah. İzzet Baysal Caddesi. No:178/A Merkez, 14300 Bolu Merkez/Bolu",devasa.com.tr,(0374) 888 03 87,"https://www.google.com/maps/place/Devasa+Dijital+Ajans/@40.7334902,31.5948917,14z/data=!4m8!1m2!2m1!1sajans!3m4!1s0x409d3f6bbe4af2e7:0x8fe5fed4ab4e0e71!8m2!3d40.7334902!4d31.6124012","Perşembe,09:00 - 18:00; Cuma,09:00 - 18:00; Cumartesi,10:00 - 16:00; Pazar,Kapalı; Pazartesi,09:00 - 18:00; Salı,09:00 - 18:00; Çarşamba,09:00 - 18:00.",Reklam Ajansı, 
VUSLAT OTO KİRALAMA- AKARSU TİCARET,"Burhaniye, Atatürk Blv. NO:7 D:B2, 81000 MERKEZ/Düzce", ,0543 390 19 96,"https://www.google.com/maps/place/VUSLAT+OTO+K%C4%B0RALAMA-+AKARSU+T%C4%B0CARET/@40.8438464,31.15654,14z/data=!4m8!1m2!2m1!1sajans!3m4!1s0x409d759f3e2df9b7:0x3b7d14a4d44b56a7!8m2!3d40.8393202!4d31.1626818", ,Araba Kiralama Şirketi, 
TRIO AJANS,"Karaçayır, No:5, Eren Sk., 14200 Bolu Merkez",ajanstrio.com,(0374) 222 87 46,"https://www.google.com/maps/place/TRIO+AJANS/@40.7278863,31.5847113,14z/data=!4m8!1m2!2m1!1sajans!3m4!1s0x409d3f6bc1bcdf39:0x41729ea87638204e!8m2!3d40.7278863!4d31.6022208","Perşembe,09:00 - 18:00; Cuma,09:00 - 18:00; Cumartesi,10:00 - 18:00; Pazar,Kapalı; Pazartesi,09:00 - 18:00; Salı,09:00 - 18:00; Çarşamba,09:00 - 18:00.",Reklam Ajansı,"4,0"
DÜZCE BİR EMLAK,"Burhaniye Mahallesi Bolu Caddesi Gürkanlar İş Merkezi Kat 1 No: 9, D:104, 81100 Merkez/Düzce",duzcebiremlak.com,0535 462 43 50,"https://www.google.com/maps/place/D%C3%9CZCE+B%C4%B0R+EMLAK/@40.8438464,31.15654,14z/data=!4m8!1m2!2m1!1sajans!3m4!1s0x409d75c058e2a357:0x42ccd9a1b2a17c0f!8m2!3d40.8386329!4d31.163301","Perşembe,08:00 - 20:00; Cuma,08:00 - 20:00; Cumartesi,08:00 - 20:00; Pazar,Kapalı; Pazartesi,08:00 - 20:00; Salı,08:00 - 20:00; Çarşamba,08:00 - 20:00.",Emlak Bürosu,"4,9"
MAG Ajans & Akademi,"Tabaklar, İzzet Baysal Cd. No:54 / 20, 14100 Merkez/Bolu", ,0507 756 52 96,"https://www.google.com/maps/place/MAG+Ajans+%26+Akademi/@40.7303458,31.5861507,14z/data=!4m8!1m2!2m1!1sajans!3m4!1s0x409d3fd817425c47:0x82e73bb557c0133!8m2!3d40.7303458!4d31.6036602","Perşembe,08:00 - 21:00; Cuma,08:00 - 21:00; Cumartesi,08:00 - 21:00; Pazar,08:00 - 21:00; Pazartesi,08:00 - 21:00; Salı,08:00 - 21:00; Çarşamba,08:00 - 21:00.",Reklam Ajansı, 
Bolu Dijital Reklam Ajansı - Via Creative,"Merkez, Paşaköy Mahallesi,D-100 Karayolu caddesi, Rezidans 14 Blok Daire 6, 14100",viacreative.com.tr,0850 303 9414,"https://www.google.com/maps/place/Bolu+Dijital+Reklam+Ajans%C4%B1+-+Via+Creative/@40.7318617,31.5439355,14z/data=!4m8!1m2!2m1!1sajans!3m4!1s0x409d3f6736ea1cb3:0x4881c4d3ed3f945c!8m2!3d40.7318617!4d31.561445","Perşembe,09:00 - 19:00; Cuma,09:00 - 19:00; Cumartesi,09:00 - 19:00; Pazar,Kapalı; Pazartesi,09:00 - 19:00; Salı,09:00 - 19:00; Çarşamba,09:00 - 19:00.",Reklam Ajansı,"5,0"
Özen Emlak Düzce hasan özen,"Cedidiye, Necip Güney Sk. No:10, 81100 Düzce Merkez/Düzce",ozenemlak81.com,0544 744 70 05,"https://www.google.com/maps/place/%C3%96zen+Emlak+D%C3%BCzce+hasan+%C3%B6zen/@40.8438464,31.15654,14z/data=!4m8!1m2!2m1!1sajans!3m4!1s0x409d755367304a69:0xcb1e89c4fdc9b4dc!8m2!3d40.8386956!4d31.1615669","Perşembe,08:00 - 19:00; Cuma,08:00 - 19:00; Cumartesi,08:00 - 19:00; Pazar,12:00 - 00:00; Pazartesi,08:00 - 19:00; Salı,08:00 - 19:00; Çarşamba,08:00 - 19:00.",Emlak Bürosu, 
Ajans264 Hendek Reklam ve Sosyal Medya Ajansı,"Teğmen Gökhan Yaşartürk Cd Meşale İş Merkezi Kat-1 / No.6, 54300 Hendek/Sakarya",ajans264.com.tr,0544 237 54 54,"https://www.google.com/maps/place/Ajans264+Hendek+Reklam+ve+Sosyal+Medya+Ajans%C4%B1/@40.7927117,30.725217,14z/data=!4m8!1m2!2m1!1sajans!3m4!1s0x409d8fb932f149fb:0x42f344504b2e7b27!8m2!3d40.7927117!4d30.7427265","Perşembe,09:00 - 18:30; Cuma,09:00 - 18:30; Cumartesi,10:00 - 15:30; Pazar,Kapalı; Pazartesi,09:00 - 18:30; Salı,09:00 - 18:30; Çarşamba,09:00 - 18:30.",Reklam Ajansı,"5,0"
İlhan Emlak Ofisi,"Cedidiye, Hacı Hamdi Sk., 81020 Düzce Merkez/Düzce", , ,"https://www.google.com/maps/place/%C4%B0lhan+Emlak+Ofisi/@40.8438464,31.15654,14z/data=!4m8!1m2!2m1!1sajans!3m4!1s0x409d7544e0a84921:0xac557d897aab1f16!8m2!3d40.8378141!4d31.1626677", ,Emlak Bürosu, 
Bayraktar Emlak,"Şerefiye, Cumhuriyet Sok. No:4, 81010 Düzce Merkez/Düzce", ,(0380) 514 15 65,"https://www.google.com/maps/place/Bayraktar+Emlak/@40.8438464,31.15654,14z/data=!4m8!1m2!2m1!1sajans!3m4!1s0x409d755376960833:0x31ffdceadae646b7!8m2!3d40.8395689!4d31.161752", ,Emlak Bürosu, 
Pekyılmaz İnşaat Ve Emlak,"Şerefiye, Cengiz Topel Sok. Taşhan İş Hanı D:9, 81010 Düzce Merkez/Düzce", ,(0380) 524 27 20,"https://www.google.com/maps/place/Peky%C4%B1lmaz+%C4%B0n%C5%9Faat+Ve+Emlak/@40.8438464,31.15654,14z/data=!4m8!1m2!2m1!1sajans!3m4!1s0x409d7554a6af5b55:0x91637d620dcf2d78!8m2!3d40.840312!4d31.160802", ,Emlak Bürosu,"1,0"
Düzce Güven,"Cedidiye, Bolu Cd. No:4, 81020 Düzce Merkez/Düzce", , ,"https://www.google.com/maps/place/D%C3%BCzce+G%C3%BCven/@40.8438464,31.15654,14z/data=!4m8!1m2!2m1!1sajans!3m4!1s0x409d754524b98163:0xfbd0514419221e2c!8m2!3d40.8384118!4d31.1630614", ,Otobüs Bileti Acentesi,"3,5"
Kaya Emlak,"Cedidiye, Necip Güney Sk., 81100 Merkez/Düzce", ,0535 768 73 39,"https://www.google.com/maps/place/Kaya+Emlak/@40.8438464,31.15654,14z/data=!4m8!1m2!2m1!1sajans!3m4!1s0x409d75cb5b6966d3:0x73a9086806a3539c!8m2!3d40.8379487!4d31.1614591","Perşembe,10:00 - 18:00; Cuma,10:00 - 18:00; Cumartesi,10:00 - 18:00; Pazar,Kapalı; Pazartesi,10:00 - 18:00; Salı,10:00 - 18:00; Çarşamba,10:00 - 18:00.",Emlak Bürosu, 
Kthy-düzce Şubesi,"Cedidiye, Kızılay Sk., 81020 Düzce Merkez/Düzce", , ,"https://www.google.com/maps/place/Kthy-d%C3%BCzce+%C5%9Eubesi/@40.8438464,31.15654,14z/data=!4m8!1m2!2m1!1sajans!3m4!1s0x409d755b2eca81b5:0x29a41de428435e83!8m2!3d40.838355!4d31.160735", ,Seyahat Acentesi, 
BAHAR EMLAK,"Cedidiye, Beyaz Çarşı, Kızılay Sk. No:13, 81020 Düzce Merkez/Düzce",cantasaray.business.site,(0380) 514 98 37,"https://www.google.com/maps/place/BAHAR+EMLAK/@40.8438464,31.15654,14z/data=!4m8!1m2!2m1!1sajans!3m4!1s0x409d755b02c6ef3d:0x62a91afdcf498421!8m2!3d40.838326!4d31.16092", ,Emlak Kiralama Ofisi, 
Turyap Düzce Temsilciliği,"Şerefiye, Gaziantep Cd., 81010 Düzce Merkez/Düzce",turyap.com.tr,(0380) 524 02 02,"https://www.google.com/maps/place/Turyap+D%C3%BCzce+Temsilcili%C4%9Fi/@40.8438464,31.15654,14z/data=!4m8!1m2!2m1!1sajans!3m4!1s0x409d755ac360a0fd:0x77751d81ca23b731!8m2!3d40.839246!4d31.160939", ,Emlak Bürosu, 
Mival Turizm,"Cedidiye, 81020 Düzce Merkez/Düzce", , ,"https://www.google.com/maps/place/Mival+Turizm/@40.8438464,31.15654,14z/data=!4m8!1m2!2m1!1sajans!3m4!1s0x409d7544c2929a01:0xd07bed6f16e14eb8!8m2!3d40.8375293!4d31.162197", ,Seyahat Acentesi, 
Elay Emlak,"Cedidye Mahallesi Kazım demir İş Merkezi Merkez, 81100 Düzce",elayemlak.com,0546 203 20 12,"https://www.google.com/maps/place/Elay+Emlak/@40.8438464,31.15654,14z/data=!4m8!1m2!2m1!1sajans!3m4!1s0x409d728f43262eff:0x557780d171fe40ea!8m2!3d40.8379686!4d31.1639822","Perşembe,09:00 - 19:00; Cuma,09:00 - 19:00; Cumartesi,09:00 - 19:00; Pazar,Kapalı; Pazartesi,09:00 - 19:00; Salı,09:00 - 19:00; Çarşamba,09:00 - 19:00.",Emlak Bürosu,"5,0"
Düğün Fırsatları,"Esentepe, Düzce Toki Konutları, 81630 Çiftlik/Düzce Merkez/Düzce", ,0532 471 57 86,"https://www.google.com/maps/place/D%C3%BC%C4%9F%C3%BCn+F%C4%B1rsatlar%C4%B1/@40.8438464,31.15654,14z/data=!4m8!1m2!2m1!1sajans!3m4!1s0x409d0a2f1639098b:0xb1e96cfc773a3831!8m2!3d40.871133!4d31.2187843","Perşembe,08:00 - 20:00; Cuma,08:00 - 20:00; Cumartesi,08:00 - 20:00; Pazar,08:00 - 20:00; Pazartesi,08:00 - 20:00; Salı,08:00 - 20:00; Çarşamba,08:00 - 20:00.",Düğün Hizmeti, 
Çiçek Turizm Düzce Şubesi,"Cedidiye, 81020, Bolu Cd. 18/202, 81020 Düzce Merkez/Düzce",cicekturizm.com,0507 956 41 62,"https://www.google.com/maps/place/%C3%87i%C3%A7ek+Turizm+D%C3%BCzce+%C5%9Eubesi/@40.8438464,31.15654,14z/data=!4m8!1m2!2m1!1sajans!3m4!1s0x409d75451aaad5b9:0xeb15b68a10666449!8m2!3d40.8382107!4d31.1641263", ,Seyahat Acentesi,"4,0"
Selen Ekizceli Tasarım Atolyesi,"Camikebir, Rıhtım Sk. No:2 D:206, 06530 Düzce Merkez/Düzce",selenekizceli.com,(0380) 523 23 80,"https://www.google.com/maps/place/Selen+Ekizceli+Tasar%C4%B1m+Atolyesi/@40.8438464,31.15654,14z/data=!4m8!1m2!2m1!1sajans!3m4!1s0x409d755b5d5035ad:0x2efc3f7151162f53!8m2!3d40.8375628!4d31.1584685","Perşembe,09:00 - 18:00; Cuma,09:00 - 18:00; Cumartesi,Kapalı; Pazar,Kapalı; Pazartesi,09:00 - 18:00; Salı,09:00 - 18:00; Çarşamba,09:00 - 18:00.", , 
Düzce Gündem 81haber Ajansı,"Koçyazı Mahallesi D:100 Karayolu caddesi Ovalı sokak no7/6 DÜZCE Merkez, 81000 Düzce",gundem81.com,0506 367 02 84,"https://www.google.com/maps/place/D%C3%BCzce+G%C3%BCndem+81haber+Ajans%C4%B1/@40.8438464,31.15654,14z/data=!4m8!1m2!2m1!1sajans!3m4!1s0x409d754eb66f0ef9:0x39c85af4b165fe15!8m2!3d40.841163!4d31.172088", ,Haber Servisi, 
Can Emlak,"Şerefiye, Gaziantep Cad./çınlar Sok. Aydın Aksu Pasajı D:107, 81010 Düzce Merkez/Düzce",tyemlak.com,(0380) 514 80 01,"https://www.google.com/maps/place/Can+Emlak/@40.8438464,31.15654,14z/data=!4m8!1m2!2m1!1sajans!3m4!1s0x409d755abf99ee25:0xba8df28c53f672f!8m2!3d40.839509!4d31.160413", ,Emlak Bürosu, 
Nokta MAPFRE Sigorta Acenteliği,"İbrahimoğlu İş Merkezi, Kat:3, No:140, 81010 Merkez/Düzce",noktasigorta.acentemapfre.com,(0380) 523 75 40,"https://www.google.com/maps/place/Nokta+MAPFRE+Sigorta+Acenteli%C4%9Fi/@40.8438464,31.15654,14z/data=!4m8!1m2!2m1!1sajans!3m4!1s0x409d75b55bf8049b:0x935b08138556ce2a!8m2!3d40.839418!4d31.15892","Perşembe,09:00 - 18:30; Cuma,09:00 - 18:30; Cumartesi,09:00 - 15:00; Pazar,Kapalı; Pazartesi,09:00 - 18:30; Salı,09:00 - 18:30; Çarşamba,09:00 - 18:30.",Sigorta Acentesi,"3,0"
Creart Ajans [ Creative Arts Agency ],"Semerciler, Sait Faik Sk. D:No:20 D:101, 54100 Adapazarı/Sakarya",creartajans.com,(0264) 777 12 73,"https://www.google.com/maps/place/Creart+Ajans+%5B+Creative+Arts+Agency+%5D/@40.774198,30.3840685,14z/data=!4m8!1m2!2m1!1sajans!3m4!1s0x409df626638c8c55:0x27f889cee4b108d8!8m2!3d40.774198!4d30.401578","Perşembe,09:00 - 18:00; Cuma,09:00 - 18:00; Cumartesi,Kapalı; Pazar,Kapalı; Pazartesi,09:00 - 18:00; Salı,09:00 - 18:00; Çarşamba,09:00 - 18:00.",Reklam Ajansı,"5,0"
Sakarya Cast Ajans,"Yenidoğan, Unnamed Road, 54100 Adapazarı/Sakarya",sakaryacastajans.com, ,"https://www.google.com/maps/place/Sakarya+Cast+Ajans/@40.7722602,30.3766156,14z/data=!4m8!1m2!2m1!1sajans!3m4!1s0x14ccb328c2509a1d:0xcb0959ccde76f28b!8m2!3d40.7722602!4d30.3941251", ,Yetenek Ajansı,"4,4"
Düzce Saray Emlak,"Cedidiye, Köprü Sk. No:13 D:C, 81020 Düzce Merkez/Düzce",sarayemlak.com,0532 524 29 29,"https://www.google.com/maps/place/D%C3%BCzce+Saray+Emlak/@40.8438464,31.15654,14z/data=!4m8!1m2!2m1!1sajans!3m4!1s0x409d75448fa426ff:0x46267fa4118575fd!8m2!3d40.8373423!4d31.1628591","Perşembe,08:00 - 20:00; Cuma,08:00 - 20:00; Cumartesi,08:00 - 20:00; Pazar,Kapalı; Pazartesi,08:00 - 20:00; Salı,08:00 - 20:00; Çarşamba,08:00 - 20:00.",Emlak Bürosu,"5,0"
Eleganza Ajans / Dijital Pazarlama ve Reklam Ajansı,"Semerciler, Çevik Sk. No: 6 D:Kat: 2, 54100 Adapazarı/Sakarya",eleganzaajans.com,(0264) 777 15 05,"https://www.google.com/maps/place/Eleganza+Ajans+%2F+Dijital+Pazarlama+ve+Reklam+Ajans%C4%B1/@40.7722733,30.373989,14z/data=!4m8!1m2!2m1!1sajans!3m4!1s0x14ccb28ddca73545:0x388b0fa8b9fa73e3!8m2!3d40.7722733!4d30.3914985","Perşembe,09:00 - 18:30; Cuma,09:00 - 18:30; Cumartesi,09:00 - 18:30; Pazar,Kapalı; Pazartesi,09:00 - 18:30; Salı,09:00 - 18:30; Çarşamba,09:00 - 18:30.",Reklam Ajansı,"5,0"
TACC (The ART Clup Company),"Düzce Merkez, 81100 Merkez/Düzce",taccmedya.com,0543 979 76 66,"https://www.google.com/maps/place/TACC+(The+ART+Clup+Company)/@40.8438464,31.15654,14z/data=!4m8!1m2!2m1!1sajans!3m4!1s0x409da1cd7c83a235:0x6dcf508c2c8d902!8m2!3d40.8746153!4d31.1584476","Perşembe,24 saat açık; Cuma,24 saat açık; Cumartesi,24 saat açık; Pazar,Kapalı; Pazartesi,24 saat açık; Salı,24 saat açık; Çarşamba,24 saat açık.",İnternet Servis Sağlayıcısı,"5,0"
Nar Gayrimenkul Danışmanlık,"Merkez, Camikebir Mah. Rıhtım Cad. Pak-Ekizceli İş Mrk. K:2 No:204, 81000 Düzce",nargayrimenkulduzce.com,(0380) 524 91 81,"https://www.google.com/maps/place/Nar+Gayrimenkul+Dan%C4%B1%C5%9Fmanl%C4%B1k/@40.8438464,31.15654,14z/data=!4m8!1m2!2m1!1sajans!3m4!1s0x409d755b5b38a0d9:0xcd7296c451c88fec!8m2!3d40.8375174!4d31.1585278","Perşembe,09:00 - 18:30; Cuma,09:00 - 18:30; Cumartesi,10:30 - 14:00; Pazar,Kapalı; Pazartesi,09:00 - 18:30; Salı,09:00 - 18:30; Çarşamba,09:00 - 18:30.",Emlak Bürosu,"5,0"
Biriktir Sigorta Aracılık Hizmetleri,"Merkez, Cedidiye Mah. Necip Güney Sk. Erişen İş Hanı Zemin Kat No:1, 81100 Düzce", ,0506 783 64 38,"https://www.google.com/maps/place/Biriktir+Sigorta+Arac%C4%B1l%C4%B1k+Hizmetleri/@40.8438464,31.15654,14z/data=!4m8!1m2!2m1!1sajans!3m4!1s0x409d7544c7e6bad5:0x238590fa48844615!8m2!3d40.8374116!4d31.1611877","Perşembe,09:00 - 18:00; Cuma,09:00 - 18:00; Cumartesi,10:00 - 14:00; Pazar,Kapalı; Pazartesi,09:00 - 18:00; Salı,09:00 - 18:00; Çarşamba,09:00 - 18:00.",Sigorta Acentesi,"5,0"
Gnr Turizm,"Kültür, Spor Sk. No:4, 81600 Düzce Merkez/Düzce",gnrturizm.com,(0380) 524 00 20,"https://www.google.com/maps/place/Gnr+Turizm/@40.8438464,31.15654,14z/data=!4m8!1m2!2m1!1sajans!3m4!1s0x409d7554a6af5b55:0xa568e1b809c99819!8m2!3d40.840052!4d31.1591849","Perşembe,09:00 - 19:00; Cuma,09:00 - 19:00; Cumartesi,09:00 - 19:00; Pazar,Kapalı; Pazartesi,09:00 - 19:00; Salı,09:00 - 19:00; Çarşamba,09:00 - 19:00.",Seyahat Acentesi,"3,7"
Cihan Emlak & Rent A Car,"Cedıdıye mah Celal Kasapoğlu Caddesi no 3 D:aıre, D:1, 81020 Düzce Merkez/Düzce", ,0543 977 81 54,"https://www.google.com/maps/place/Cihan+Emlak+%26+Rent+A+Car/@40.8438464,31.15654,14z/data=!4m8!1m2!2m1!1sajans!3m4!1s0x409d7545075ea46d:0xb10acc61f2edda79!8m2!3d40.837837!4d31.164627", ,Emlak Bürosu, 
Barış Emlak,"Camikebir, Nurettin Zafer Sok. Güral İş Hanı D:10, 81020 Düzce Merkez/Düzce",barisemlakduzce.sahibinden.com,(0380) 523 57 07,"https://www.google.com/maps/place/Bar%C4%B1%C5%9F+Emlak/@40.8438464,31.15654,14z/data=!4m8!1m2!2m1!1sajans!3m4!1s0x409d7554a6af5b55:0x70798b94cd1b2249!8m2!3d40.838445!4d31.158677", ,Emlak Bürosu, 
DÜZCE KURTULUŞ GAYRİMENKUL,"Şerefiye Merkez, Konut Sk. 1 C, 81010 Düzce Merkez/Düzce", ,0533 146 23 90,"https://www.google.com/maps/place/D%C3%9CZCE+KURTULU%C5%9E+GAYR%C4%B0MENKUL/@40.8438464,31.15654,14z/data=!4m8!1m2!2m1!1sajans!3m4!1s0x409d75507768b36d:0xaff2bf0c1d73aa08!8m2!3d40.8409173!4d31.1615961","Perşembe,09:00 - 18:00; Cuma,09:00 - 18:00; Cumartesi,09:00 - 18:00; Pazar,Kapalı; Pazartesi,09:00 - 18:00; Salı,09:00 - 18:00; Çarşamba,09:00 - 18:00.",Emlak Bürosu, 
SALMAK emlak,"Cedidiye Mh Mimar Sinan Cd Özel İdare İş Mrk No17/106 No 17, D:106, 81020 Düzce Merkez/Düzce",salmakemlak.com,0533 570 29 93,"https://www.google.com/maps/place/SALMAK+emlak/@40.8438464,31.15654,14z/data=!4m8!1m2!2m1!1sajans!3m4!1s0x409d75f85b787f1f:0x36f40ea16699d29!8m2!3d40.8372011!4d31.160715", ,Emlak Bürosu,"5,0"
Ajans 264 Reklam ve Tabela,"Arabacıalanı, Civan Sk. No:12, 54050 Serdivan/Sakarya",ajans264.com.tr,(0264) 279 98 00,"https://www.google.com/maps/place/Ajans+264+Reklam+ve+Tabela/@40.774157,30.3505685,14z/data=!4m8!1m2!2m1!1sajans!3m4!1s0x14ccb2c0b39bc8d5:0x419421f427d15de4!8m2!3d40.774157!4d30.368078","Perşembe,09:00 - 18:30; Cuma,09:00 - 18:30; Cumartesi,10:00 - 15:00; Pazar,Kapalı; Pazartesi,09:00 - 18:30; Salı,09:00 - 18:30; Çarşamba,09:00 - 18:30.",Reklam Ajansı,"5,0"
Kudret Turizm Hac Umre,"Camikebir, İstanbul Cd. No:11, 81020 Düzce Merkez/Düzce", , ,"https://www.google.com/maps/place/Kudret+Turizm+Hac+Umre/@40.8438464,31.15654,14z/data=!4m8!1m2!2m1!1sajans!3m4!1s0x409d755b1cb3e173:0x5295aaf21431a574!8m2!3d40.8389039!4d31.1590981", ,Seyahat Acentesi, 
Dzc Tur,"Merkez, Cami Kebir Mah., Şen Sok. Osmanlı İş Merkezi, Kat :2, 81100 Düzce",dzctur.com,(0380) 514 75 14,"https://www.google.com/maps/place/Dzc+Tur/@40.8438464,31.15654,14z/data=!4m8!1m2!2m1!1sajans!3m4!1s0x409d7554a6af5b55:0xf61d597fed445ef5!8m2!3d40.839089!4d31.156406","Perşembe,24 saat açık; Cuma,24 saat açık; Cumartesi,24 saat açık; Pazar,24 saat açık; Pazartesi,24 saat açık; Salı,24 saat açık; Çarşamba,24 saat açık.",Turistik Gezi Acentesi,"4,5"
Adanet Dijital Reklam Ajansı,"Erenler Mah. 1193 Sok. Meydan 54 Yaşam ve İş Merkezi B1 Blok No:71, 54200 Erenler/Sakarya",adanetajans.com,(0264) 272 82 06,"https://www.google.com/maps/place/Adanet+Dijital+Reklam+Ajans%C4%B1/@40.7410376,30.3923542,14z/data=!4m8!1m2!2m1!1sajans!3m4!1s0x14ccb31e01c08f41:0x9db5005c8b27449f!8m2!3d40.7410376!4d30.4098637","Perşembe,09:00 - 18:00; Cuma,09:00 - 18:00; Cumartesi,09:00 - 14:00; Pazar,Kapalı; Pazartesi,09:00 - 18:00; Salı,09:00 - 18:00; Çarşamba,09:00 - 18:00.",Reklam Ajansı,"5,0"
e24 Reklam Ajansı,"Yenigün, Sakarya Cd. No:17, 54100 Adapazarı/Sakarya", ,(0264) 440 00 11,"https://www.google.com/maps/place/e24+Reklam+Ajans%C4%B1/@40.771918,30.3878765,14z/data=!4m8!1m2!2m1!1sajans!3m4!1s0x14ccb328f126e2ad:0xd8fc9c5f50952c33!8m2!3d40.771918!4d30.405386","Perşembe,09:00 - 18:00; Cuma,09:00 - 18:00; Cumartesi,10:00 - 15:30; Pazar,Kapalı; Pazartesi,09:00 - 18:00; Salı,09:00 - 18:00; Çarşamba,09:00 - 18:00.",Reklam Ajansı,"5,0"
Bian Ajans, ,bianajans.com,0546 546 44 24,"https://www.google.com/maps/place/Bian+Ajans/@40.4293095,30.5497751,14z/data=!4m8!1m2!2m1!1sajans!3m4!1s0x14ccb3090b29546d:0x7ac1bba7bd3d6c32!8m2!3d40.4293095!4d30.5672846","Perşembe,10:00 - 20:00; Cuma,10:00 - 20:00; Cumartesi,Kapalı; Pazar,Kapalı; Pazartesi,10:00 - 20:00; Salı,10:00 - 20:00; Çarşamba,10:00 - 20:00.",Reklam Ajansı, 
Ayça Ajans,"Semerciler, A, Kudüs Cd. No:78/b, 54100 Adapazarı/Sakarya", ,(0264) 277 88 88,"https://www.google.com/maps/place/Ay%C3%A7a+Ajans/@40.773111,30.3748555,14z/data=!4m8!1m2!2m1!1sajans!3m4!1s0x14ccb32856f879d7:0x713f3ddbb26507b6!8m2!3d40.773111!4d30.392365", ,Reklam Ajansı,"3,5"
Düzce Promosyon,"Şerefiye, Rasim Betir Paşa Blv. Kat:1, 81100 Merkez/Düzce",kocalmedya.com,0533 013 44 57,"https://www.google.com/maps/place/D%C3%BCzce+Promosyon/@40.8438464,31.15654,14z/data=!4m8!1m2!2m1!1sajans!3m4!1s0x409d75652b8cf311:0x197338e0f8329291!8m2!3d40.8440985!4d31.1629798","Perşembe,09:00 - 18:30; Cuma,09:00 - 18:30; Cumartesi,10:30 - 17:00; Pazar,Kapalı; Pazartesi,09:00 - 18:30; Salı,09:00 - 18:30; Çarşamba,09:00 - 18:30.",Promosyon Ürünleri Tedarikçisi, 
KAV AJANS,"Cumhuriyet Mahallesi Gökalp Sokak No:28 Oğuz ILGAZ İş Merkezi Ofis No:, D:102, 54100 Adapazarı/Sakarya", ,0850 840 5865,"https://www.google.com/maps/place/KAV+AJANS/@40.7789799,30.3751315,14z/data=!4m8!1m2!2m1!1sajans!3m4!1s0x14ccb361e1590aa5:0x2bd6927df295435c!8m2!3d40.7789799!4d30.392641","Perşembe,10:00 - 18:30; Cuma,10:00 - 18:30; Cumartesi,Kapalı; Pazar,Kapalı; Pazartesi,10:00 - 18:30; Salı,10:00 - 18:30; Çarşamba,10:00 - 18:30.",Reklam Ajansı, 
Jolly Yetkili Satış Ofisi,"Camikebir Mah. İstanbul Cad. No: 35, D:2, 81010 Merkez/Düzce",jollytur.com,(0380) 524 44 77,"https://www.google.com/maps/place/Jolly+Yetkili+Sat%C4%B1%C5%9F+Ofisi/@40.8438464,31.15654,14z/data=!4m8!1m2!2m1!1sajans!3m4!1s0x409d755ad211ef8d:0x99e3784fc3cc7e39!8m2!3d40.8397671!4d31.1560835","Perşembe,09:00 - 21:00; Cuma,09:00 - 21:00; Cumartesi,09:00 - 19:00; Pazar,12:00 - 19:00; Pazartesi,09:00 - 21:00; Salı,09:00 - 21:00; Çarşamba,09:00 - 21:00.",Seyahat Acentesi,"5,0"
Hacı Hidayet Turizm,"Camikebir, Nurettin Zafer Sok. No:4, 81020 Düzce Merkez/Düzce", ,(0380) 514 10 22,"https://www.google.com/maps/place/Hac%C4%B1+Hidayet+Turizm/@40.8438464,31.15654,14z/data=!4m8!1m2!2m1!1sajans!3m4!1s0x409d755376960833:0x418700f175b383ac!8m2!3d40.8381078!4d31.1586523", ,Turlar,"3,5"
Elit Ajans,"Kurtuluş Mahallesi Bankalar Cd. Kent İş Merkezi K:3 No:81, 54100 Adapazarı/Sakarya",elitajans.business.site,(0264) 277 05 06,"https://www.google.com/maps/place/Elit+Ajans/@40.780416,30.3825575,14z/data=!4m8!1m2!2m1!1sajans!3m4!1s0x409df62910a298b5:0x3c2f5a0f1800affa!8m2!3d40.780416!4d30.400067","Perşembe,10:00 - 18:00; Cuma,10:00 - 18:00; Cumartesi,Kapalı; Pazar,Kapalı; Pazartesi,10:00 - 18:00; Salı,10:00 - 18:00; Çarşamba,10:00 - 18:00.",Reklam Ajansı, 
Tim's Ajans Organizasyon Hizmetleri,"Orhanlar Mahallesi, Yalı Caddesi, 1 Nolu Orta Sk. No:50/14, 67320 Ereğli/Zonguldak",timsajans.com,(0372) 323 05 32,"https://www.google.com/maps/place/Tim's+Ajans+Organizasyon+Hizmetleri/@41.2805176,31.4024974,14z/data=!4m8!1m2!2m1!1sajans!3m4!1s0x409c44b97c9f8bc7:0x6308904c59c32962!8m2!3d41.2805176!4d31.4200069","Perşembe,24 saat açık; Cuma,24 saat açık; Cumartesi,24 saat açık; Pazar,24 saat açık; Pazartesi,24 saat açık; Salı,24 saat açık; Çarşamba,24 saat açık.",Organizasyon Şirketi,"4,5"
Seta Ajans,"Tığcılar Mh. İpek Sk. Erinç İş Mrk. No:13 K:2/18, 54100 Adapazarı/Sakarya",setaajans.com,0543 574 25 28,"https://www.google.com/maps/place/Seta+Ajans/@40.7767628,30.3871517,14z/data=!4m8!1m2!2m1!1sajans!3m4!1s0x14ccb3445be4901d:0x31442ed80a65180e!8m2!3d40.7767628!4d30.4046612","Perşembe,Kapalı; Cuma,Kapalı; Cumartesi,14:00 - 18:00; Pazar,Kapalı; Pazartesi,Kapalı; Salı,14:00 - 18:00; Çarşamba,Kapalı.",Reklam Ajansı,"5,0"
DÜZCE ŞEKER OTO KİRALAMA,"Cedidiye, Hacı, H. Haydar Gördebil Blv. No:7/A D:A blok, 81020 Merkez/Düzce",sekerotokiralama.com,0533 763 65 02,"https://www.google.com/maps/place/D%C3%9CZCE+%C5%9EEKER+OTO+K%C4%B0RALAMA/@40.8438464,31.15654,14z/data=!4m8!1m2!2m1!1sajans!3m4!1s0x409d75c484e362a5:0x12dad329c8839012!8m2!3d40.8352454!4d31.17093","Perşembe,08:00 - 20:00; Cuma,08:00 - 20:00; Cumartesi,08:00 - 20:00; Pazar,08:00 - 20:00; Pazartesi,08:00 - 20:00; Salı,08:00 - 20:00; Çarşamba,08:00 - 20:00.",Araba Kiralama Şirketi,"4,6"
Nehir Ajans,"Yenidoğan, Fabrika Cd. No:35, 54100 Adapazarı/Sakarya",nehirajans.com.tr,(0264) 281 65 55,"https://www.google.com/maps/place/Nehir+Ajans/@40.772642,30.3790517,14z/data=!4m8!1m2!2m1!1sajans!3m4!1s0x14ccb33270a508fb:0x9575a1a5b01cf735!8m2!3d40.772642!4d30.3965612","Perşembe,08:00 - 18:30; Cuma,08:00 - 18:30; Cumartesi,08:00 - 15:00; Pazar,Kapalı; Pazartesi,08:00 - 18:30; Salı,08:00 - 18:30; Çarşamba,08:00 - 18:30.",Yazılım Şirketi, 
Ortakfikir,"İstiklal, Örer Sk. No: 1 D:1, 54050 Serdivan/Sakarya",ortakfikir.com,(0264) 606 05 33,"https://www.google.com/maps/place/Ortakfikir/@40.7727997,30.3625186,14z/data=!4m8!1m2!2m1!1sajans!3m4!1s0x14ccb3323c22c76b:0x13878338bc091bcd!8m2!3d40.7727997!4d30.3800281","Perşembe,09:00 - 18:00; Cuma,09:00 - 18:00; Cumartesi,09:00 - 13:00; Pazar,Kapalı; Pazartesi,09:00 - 18:00; Salı,09:00 - 18:00; Çarşamba,09:00 - 18:00.",Reklam Ajansı,"4,7"
Solen Ajans,"Semerciler Mh. Ahmet Nejdet Güven Cad. Feride Fikret Apt. No. 18 Kat.3, 54000", ,(0264) 277 77 98,"https://www.google.com/maps/place/Solen+Ajans/@40.775089,30.3813595,14z/data=!4m8!1m2!2m1!1sajans!3m4!1s0x14ccb32db7d5f0d5:0x298c4197610c909b!8m2!3d40.775089!4d30.398869", ,Reklam Ajansı,"3,0"
HD Ajans,"Terakki, Cumhuriyet Cd. No:77, 67000 Zonguldak Merkez/Zonguldak",hdajans.com,(0372) 253 44 44,"https://www.google.com/maps/place/HD+Ajans/@41.4495276,31.7647311,14z/data=!4m8!1m2!2m1!1sajans!3m4!1s0x409c7c7d90d14e13:0x4bb1754f7b33212!8m2!3d41.4495276!4d31.7822406","Perşembe,08:00 - 20:00; Cuma,08:00 - 20:00; Cumartesi,08:00 - 20:00; Pazar,Kapalı; Pazartesi,08:00 - 20:00; Salı,08:00 - 20:00; Çarşamba,08:00 - 20:00.",Reklam Ajansı,"4,5"
Düzce Çalisma ve İş Kurumu,"Kiremitocağı, Kadırga Sok. No:9, 81020 Düzce Merkez/Düzce",iskur.gov.tr,(0380) 523 20 34,"https://www.google.com/maps/place/D%C3%BCzce+%C3%87alisma+ve+%C4%B0%C5%9F+Kurumu/@40.8438464,31.15654,14z/data=!4m8!1m2!2m1!1sajans!3m4!1s0x409d7553636d7b27:0xafbe16435484368f!8m2!3d40.8379907!4d31.1442484","Perşembe,09:00 - 17:30; Cuma,09:00 - 17:30; Cumartesi,Kapalı; Pazar,Kapalı; Pazartesi,09:00 - 17:30; Salı,09:00 - 17:30; Çarşamba,09:00 - 17:30.",İş ve İşçi Bulma Kurumu,"3,2"
TÜrkoğlu Tur,"Kiremitocağı, İstanbul Cd. no: 81/2, 81600 Düzce Merkez/Düzce",oturbutur.com,0541 974 81 81,"https://www.google.com/maps/place/T%C3%9Crko%C4%9Flu+Tur/@40.8438464,31.15654,14z/data=!4m8!1m2!2m1!1sajans!3m4!1s0x409d7558eae60447:0xcc2f494d2f9f88a8!8m2!3d40.840559!4d31.149633","Perşembe,09:00 - 19:00; Cuma,09:00 - 19:00; Cumartesi,09:00 - 19:00; Pazar,Kapalı; Pazartesi,09:00 - 19:00; Salı,09:00 - 19:00; Çarşamba,09:00 - 19:00.",Turistik Gezi Acentesi,"4,5"
Ada Mühendislik,"Merkez, Güzelbahçe Mahallesi, 81.Sokak No:3A, D:1, 81630 Düzce Merkez/Düzce",karbonfilmisitici.com,0850 302 0528,"https://www.google.com/maps/place/Ada+M%C3%BChendislik/@40.8438464,31.15654,14z/data=!4m8!1m2!2m1!1sajans!3m4!1s0x409d0b68e03beab1:0x52f8c3d5965bb011!8m2!3d40.8543582!4d31.2310929","Perşembe,08:00 - 00:00; Cuma,08:00 - 00:00; Cumartesi,08:00 - 00:00; Pazar,08:00 - 00:00; Pazartesi,08:00 - 00:00; Salı,08:00 - 00:00; Çarşamba,08:00 - 00:00.",Isıtma Sistemleri, 
Markada Reklam Ajansı,"Arabacıalanı, İnci Sk. No:6, 54050 Serdivan/Sakarya",markada.com.tr,0543 826 10 62,"https://www.google.com/maps/place/Markada+Reklam+Ajans%C4%B1/@40.775764,30.3519895,14z/data=!4m8!1m2!2m1!1sajans!3m4!1s0x409df6299623f0f9:0x160d38d850f2f457!8m2!3d40.775764!4d30.369499","Perşembe,09:00 - 19:30; Cuma,09:00 - 19:30; Cumartesi,09:00 - 19:30; Pazar,Kapalı; Pazartesi,09:00 - 19:30; Salı,09:00 - 19:30; Çarşamba,09:00 - 19:30.",Reklam Ajansı,"5,0"
220 Volt Reklam Ajansı,"Borazanlar Mah. Mehmet Akif Ersoy Blv. Begonya Apt, D:No:42/5, 14100 Merkez/Bolu",220volt.com.tr,0545 220 86 58,"https://www.google.com/maps/place/220+Volt+Reklam+Ajans%C4%B1/@40.72929,31.5713296,14z/data=!4m8!1m2!2m1!1sajans!3m4!1s0x409d3fa3008a44a9:0xacd2f8a0730e8fc0!8m2!3d40.72929!4d31.5888391","Perşembe,09:30 - 17:30; Cuma,09:30 - 17:30; Cumartesi,09:30 - 17:30; Pazar,Kapalı; Pazartesi,09:30 - 17:30; Salı,09:30 - 17:30; Çarşamba,09:30 - 17:30.",Reklam Ajansı,"5,0"
Bolu Reklam,"Akpınar, Gerede Cd. No:2/1, 14100 Bolu Merkez/Bolu",bolureklam.com.tr,(0374) 213 33 66,"https://www.google.com/maps/place/Bolu+Reklam/@40.7341862,31.5986752,14z/data=!4m8!1m2!2m1!1sajans!3m4!1s0x409d3f15bd54cefb:0x9d75c93d12024df!8m2!3d40.7341862!4d31.6161847","Perşembe,08:00 - 19:00; Cuma,08:00 - 19:00; Cumartesi,08:00 - 19:00; Pazar,Kapalı; Pazartesi,08:00 - 19:00; Salı,08:00 - 19:00; Çarşamba,08:00 - 19:00.",Reklam Ajansı,"4,4"
DM Reklam Ajansı,"Yeni Siteler Mah. Ahmet Zeki Cad. 1050 E. A/2 N:3, D:6, 67850 Zonguldak", ,0539 857 15 43,"https://www.google.com/maps/place/DM+Reklam+Ajans%C4%B1/@41.1823024,31.3744878,14z/data=!4m8!1m2!2m1!1sajans!3m4!1s0x409c51693391dff5:0x2b03cb6ecd45558a!8m2!3d41.1823024!4d31.3919973","Perşembe,08:30 - 19:00; Cuma,08:30 - 19:00; Cumartesi,08:30 - 19:00; Pazar,Kapalı; Pazartesi,08:30 - 19:00; Salı,08:30 - 19:00; Çarşamba,08:30 - 19:00.",Reklam Ajansı, 
ByBo Reklam Ajans Ltd.Şti.,"Semerciler, Yoruk Sk. No:8, 54000 Adapazarı/Sakarya",business.site, ,"https://www.google.com/maps/place/ByBo+Reklam+Ajans+Ltd.%C5%9Eti./@40.7752441,30.3753604,14z/data=!4m8!1m2!2m1!1sajans!3m4!1s0x14ccb3ff0df26cad:0xfe02a473ac01893f!8m2!3d40.7752441!4d30.3928699", ,Reklam Ajansı, 
"Melodram Ajans İzmit - Oyuncu, Cast Ajansı","Ömerağa Mah. İnönü Cad. No:156 Asal Apt. Kat:2, 41300 izmit/Kocaeli",melodramajans.com,(0262) 333 00 69,"https://www.google.com/maps/place/Melodram+Ajans+%C4%B0zmit+-+Oyuncu,+Cast+Ajans%C4%B1/@40.7658186,29.9096786,14z/data=!4m8!1m2!2m1!1sajans!3m4!1s0x14cb4f807028c809:0x2eb9e531b345ec2c!8m2!3d40.7658186!4d29.9271881","Perşembe,09:00 - 19:00; Cuma,09:00 - 19:00; Cumartesi,09:00 - 19:00; Pazar,09:00 - 19:00; Pazartesi,09:00 - 19:00; Salı,09:00 - 19:00; Çarşamba,09:00 - 19:00.",Oyunculuk Okulu,"3,8"
KOÇAL MEDYA,"Şerefiye Mah. Rasim Betir Bulvarı Varollar İş Mrk. Kat:1 Kat:3, 81100 Merkez/Düzce",kocalmedya.com,(0380) 514 82 42,"https://www.google.com/maps/place/KO%C3%87AL+MEDYA/@40.8438464,31.15654,14z/data=!4m8!1m2!2m1!1sajans!3m4!1s0x409d75519e63c50b:0x3c1de1f34f303324!8m2!3d40.8439938!4d31.1629154","Perşembe,09:00 - 19:00; Cuma,09:00 - 19:00; Cumartesi,09:00 - 17:00; Pazar,Kapalı; Pazartesi,09:00 - 19:00; Salı,09:00 - 19:00; Çarşamba,09:00 - 19:00.",Yayıncı,"5,0"
MOVİZİ BİLİŞİM DÜZCE MOBİLİZ - FİLOTÜRK ARAÇ TAKİP SİSTEMLERİ,"Azmimilli, Serhat Sk. No 8, 81020 merkez/Düzce",mobiliz.com.tr,0533 039 26 81,"https://www.google.com/maps/place/MOV%C4%B0Z%C4%B0+B%C4%B0L%C4%B0%C5%9E%C4%B0M+D%C3%9CZCE+MOB%C4%B0L%C4%B0Z+-+F%C4%B0LOT%C3%9CRK+ARA%C3%87+TAK%C4%B0P+S%C4%B0STEMLER%C4%B0/@40.8438464,31.15654,14z/data=!4m8!1m2!2m1!1sajans!3m4!1s0x409d7573c09f3811:0x2601579efd9674de!8m2!3d40.8353671!4d31.1589908","Perşembe,09:00 - 18:00; Cuma,09:00 - 18:00; Cumartesi,09:00 - 18:00; Pazar,Kapalı; Pazartesi,09:00 - 18:00; Salı,09:00 - 18:00; Çarşamba,09:00 - 18:00.",Pazarlama Danışmanı,"5,0"
Hiperajans,"Köprübaşı, Aralık Cd. No:2 D:10, 54130 Serdivan/Sakarya",hiperajans.com,(0264) 502 40 38,"https://www.google.com/maps/place/Hiperajans/@40.7882667,30.3545332,14z/data=!4m8!1m2!2m1!1sajans!3m4!1s0x409df7df1b1313c9:0xe1661552cc8c5e25!8m2!3d40.7882667!4d30.3720427", ,Reklam Ajansı, 
Ttnet ve türk telekom abone merkezi,"Camikebir, Nurettin Zafer Sk. No:2, 81010 Düzce Merkez/Düzce",turktelekom.com.tr,(0380) 524 25 95,"https://www.google.com/maps/place/Ttnet+ve+t%C3%BCrk+telekom+abone+merkezi/@40.8438464,31.15654,14z/data=!4m8!1m2!2m1!1sajans!3m4!1s0x409d755b6a54cca1:0xfa51202b55c764da!8m2!3d40.8379539!4d31.1588303","Perşembe,08:30 - 19:30; Cuma,08:30 - 19:30; Cumartesi,08:30 - 19:30; Pazar,10:00 - 18:30; Pazartesi,08:30 - 19:30; Salı,08:30 - 19:30; Çarşamba,08:30 - 19:30.",Telefon Hizmet Sağlayıcısı,"2,0"
Craft Idea Grafik Web Reklam Ajansı,"İstiklal, Maliye Cd. No:7/42, 54050 Serdivan/Sakarya",craftidea.com.tr,0531 881 68 44,"https://www.google.com/maps/place/Craft+Idea+Grafik+Web+Reklam+Ajans%C4%B1/@40.7732824,30.3659935,14z/data=!4m8!1m2!2m1!1sajans!3m4!1s0x14ccb3dfdb664351:0x9bded141347612d3!8m2!3d40.7732824!4d30.383503","Perşembe,09:00 - 18:00; Cuma,09:00 - 18:00; Cumartesi,10:00 - 15:00; Pazar,Kapalı; Pazartesi,09:00 - 18:00; Salı,09:00 - 18:00; Çarşamba,09:00 - 18:00.",Reklam Ajansı, 
Ajans 67,"Merkez Mah, Gençlik Sk. No.5 D:E, 67500 Kilimli/Zonguldak", ,(0372) 201 07 77,"https://www.google.com/maps/place/Ajans+67/@41.490112,31.8206542,14z/data=!4m8!1m2!2m1!1sajans!3m4!1s0x409c7ec81a4fc61f:0x2d41cb23224de7f9!8m2!3d41.490112!4d31.8381637", ,Manken Ajansı,"2,0"
Dez Ajans,"Kadıköy, Cd Kadıköy, Kadıköy, Reşitpaşa Sk. No:28/A, 41050 İzmit/Kocaeli",dezajans.business.site,(0262) 331 03 39,"https://www.google.com/maps/place/Dez+Ajans/@40.7675321,29.925484,14z/data=!4m8!1m2!2m1!1sajans!3m4!1s0x14cb4f8061c34a0b:0x86cd8faba18d25ff!8m2!3d40.7675321!4d29.9429935","Perşembe,08:00 - 21:00; Cuma,08:00 - 21:00; Cumartesi,08:00 - 21:00; Pazar,Kapalı; Pazartesi,08:00 - 21:00; Salı,08:00 - 21:00; Çarşamba,08:00 - 21:00.",Reklam Ajansı, 
CK AJANS - Reklam ve Tanıtım Hizmetleri,"Karadenizliler Mah, İlim Sk. No:17, 41110 Başiskele",ckajans.com,0544 411 33 02,"https://www.google.com/maps/place/CK+AJANS+-+Reklam+ve+Tan%C4%B1t%C4%B1m+Hizmetleri/@40.7423545,29.945534,14z/data=!4m8!1m2!2m1!1sajans!3m4!1s0x14cb459ec32744db:0x5c15a28b7df7f95d!8m2!3d40.7423545!4d29.9630435","Perşembe,08:30 - 18:30; Cuma,08:30 - 18:30; Cumartesi,08:30 - 14:00; Pazar,Kapalı; Pazartesi,08:30 - 18:30; Salı,08:30 - 18:30; Çarşamba,08:30 - 18:30.",Reklam Ajansı,"5,0"
Woo Reklam Ajansı,"Tığcılar Mahallesi İpek Sokak Erinç İş Merkezi, D:Kat 1 No 10, 54100 Adapazarı/Sakarya",wooajans.com,0538 580 74 04,"https://www.google.com/maps/place/Woo+Reklam+Ajans%C4%B1/@40.7769171,30.3871195,14z/data=!4m8!1m2!2m1!1sajans!3m4!1s0x409df7e77ae8ef67:0x7264ab9709c44813!8m2!3d40.7769171!4d30.404629", ,Reklam Ajansı, 
Ajans Marifet,"Karabaş, İskete Sk. No: 3/A, 41100 İzmit/Kocaeli", ,0532 481 32 34,"https://www.google.com/maps/place/Ajans+Marifet/@40.7656299,29.9165007,14z/data=!4m8!1m2!2m1!1sajans!3m4!1s0x14cb4f874a200565:0xf5c8f6e21f7a9b3c!8m2!3d40.7656299!4d29.9340102","Perşembe,09:00 - 17:00; Cuma,09:00 - 17:00; Cumartesi,09:00 - 17:00; Pazar,Kapalı; Pazartesi,09:00 - 17:00; Salı,09:00 - 17:00; Çarşamba,09:00 - 17:00.",Reklam Ajansı,"4,8"
ZD Ajans,"Yahya Kaptan Mh, Şht. Ali İhsan Çakmak Sk. No.60 D:.3, 41050 İzmit/Kocaeli", ,(0262) 324 30 44,"https://www.google.com/maps/place/ZD+Ajans/@40.7735002,29.9522496,14z/data=!4m8!1m2!2m1!1sajans!3m4!1s0x14cb4fde158fa56b:0x6822c2957a3f0ccc!8m2!3d40.7735002!4d29.9697591","Perşembe,09:00 - 18:00; Cuma,09:00 - 18:00; Cumartesi,09:00 - 18:00; Pazar,Kapalı; Pazartesi,09:00 - 18:00; Salı,09:00 - 18:00; Çarşamba,09:00 - 18:00.",Reklam Ajansı, 
Bebek Nette,"Güzelbahçe mh. 73. ada eb1 blok d 9, 81000 Düzce Merkez/Düzce", ,0850 532 1281,"https://www.google.com/maps/place/Bebek+Nette/@40.8438464,31.15654,14z/data=!4m8!1m2!2m1!1sajans!3m4!1s0x409d7545303a50c3:0xa8193b1fcce14f2a!8m2!3d40.83872!4d31.162609", ,Bebek Mağazası, 
Cast Ajans,"Fulya, Büyükdere Cd. 45/30, 34387 Şişli/İstanbul",castajans.net,(0212) 288 77 75,"https://www.google.com/maps/place/Cast+Ajans/@41.0670691,28.9774914,14z/data=!4m8!1m2!2m1!1sajans!3m4!1s0x14cab6feeeae6d81:0x67452cc791125f96!8m2!3d41.0670691!4d28.9950009","Perşembe,10:00 - 17:00; Cuma,10:00 - 17:00; Cumartesi,10:00 - 17:00; Pazar,Kapalı; Pazartesi,10:00 - 17:00; Salı,10:00 - 17:00; Çarşamba,10:00 - 17:00.",Yetenek Ajansı,"3,6"
MarkaPlan,"Kemalpaşa, Medeniyet Bulvari No:18 Daire:8, 54050 Serdivan/Sakarya",markaplan.com.tr,0533 303 64 67,"https://www.google.com/maps/place/MarkaPlan/@40.7602047,30.3403804,14z/data=!4m8!1m2!2m1!1sajans!3m4!1s0x14ccb30cc6f280e5:0xf30ad46902724edf!8m2!3d40.7602047!4d30.3578899","Perşembe,10:00 - 19:00; Cuma,10:00 - 19:00; Cumartesi,11:00 - 16:00; Pazar,Kapalı; Pazartesi,10:00 - 19:00; Salı,10:00 - 19:00; Çarşamba,10:00 - 19:00.",Reklam Ajansı,"5,0"
Rbi Ajans,"Ömerağa, Dar Sk. No:19, 41300 İzmit/Kocaeli",rbiajans.com,(0262) 331 26 56,"https://www.google.com/maps/place/Rbi+Ajans/@40.7637164,29.9100036,14z/data=!4m8!1m2!2m1!1sajans!3m4!1s0x14cb4573de0ebffb:0x8f214a789496d5ee!8m2!3d40.7637164!4d29.9275131","Perşembe,09:00 - 18:00; Cuma,09:00 - 18:00; Cumartesi,09:00 - 13:00; Pazar,Kapalı; Pazartesi,09:00 - 18:00; Salı,09:00 - 18:00; Çarşamba,09:00 - 18:00.",Reklam Ajansı,"4,0"
Öncü Haber & Öncü TV & Öncü Radyo,"Camikebir Mah, Mareşal Fevzi Çakmak Sk. No:16, 81100 Merkez/Düzce",oncurtv.com,(0380) 524 09 05,"https://www.google.com/maps/place/%C3%96nc%C3%BC+Haber+%26+%C3%96nc%C3%BC+TV+%26+%C3%96nc%C3%BC+Radyo/@40.8438464,31.15654,14z/data=!4m8!1m2!2m1!1sajans!3m4!1s0x409d7546f03119af:0xb731f6537720be95!8m2!3d40.8387315!4d31.1582705","Perşembe,08:00 - 00:00; Cuma,08:00 - 00:00; Cumartesi,08:00 - 00:00; Pazar,08:00 - 00:00; Pazartesi,08:00 - 00:00; Salı,08:00 - 00:00; Çarşamba,08:00 - 00:00.",Medya Şirketi,"3,6"
Lime Ajans,"Serdar, Gazneli Mahmut Cd. No:32/B, 41190 Başiskele/Kocaeli", ,0541 302 13 24,"https://www.google.com/maps/place/Lime+Ajans/@40.7111421,29.9211151,14z/data=!4m8!1m2!2m1!1sajans!3m4!1s0x14cb45d68be54013:0x5868b4f2a1b1fb9!8m2!3d40.7111421!4d29.9386246","Perşembe,09:00 - 18:00; Cuma,09:00 - 18:00; Cumartesi,09:00 - 18:00; Pazar,Kapalı; Pazartesi,09:00 - 18:00; Salı,09:00 - 18:00; Çarşamba,09:00 - 18:00.",Reklam Ajansı, 
Rbi Ajans,"Kemalpaşa Mahallesi Şehabettin Bilgisu Cad. Çağlayan İş Merkezi No:1/37, Kat:6, 41100 İzmit/Kocaeli",rbiajans.com,0553 447 87 72,"https://www.google.com/maps/place/Rbi+Ajans/@40.7620947,29.8530366,12z/data=!4m8!1m2!2m1!1sajans!3m4!1s0x14cb457c0a82f79d:0x4cfe3a4701ec6109!8m2!3d40.7620947!4d29.9230744","Perşembe,09:00 - 18:00; Cuma,09:00 - 18:00; Cumartesi,09:00 - 13:00; Pazar,Kapalı; Pazartesi,09:00 - 18:00; Salı,09:00 - 18:00; Çarşamba,09:00 - 18:00.",Reklam Ajansı, 
Reklamo Tv,"Kemalpaşa, 54050 Serdivan/Sakarya",reklamotv.com,(0264) 290 37 37,"https://www.google.com/maps/place/Reklamo+Tv/@40.741103,30.2683832,12z/data=!4m8!1m2!2m1!1sajans!3m4!1s0x14ccad8b51c9f517:0x9a8f800801b74bdb!8m2!3d40.741103!4d30.338421","Perşembe,08:00 - 18:00; Cuma,08:00 - 18:00; Cumartesi,Kapalı; Pazar,Kapalı; Pazartesi,08:00 - 18:00; Salı,08:00 - 18:00; Çarşamba,08:00 - 18:00.",Reklam Ajansı,"5,0"
T Art Tasarım Ve Web Ajansı,"Körfez, Ankara Karayolu Cad 159/9, 41000 İzmit/Kocaeli",tartreklam.com,0532 777 17 20,"https://www.google.com/maps/place/T+Art+Tasar%C4%B1m+Ve+Web+Ajans%C4%B1/@40.7628935,29.8840773,12z/data=!4m8!1m2!2m1!1sajans!3m4!1s0x14cb458f26ae0c8f:0xbecb18d836488828!8m2!3d40.7628935!4d29.9541151","Perşembe,09:00 - 18:30; Cuma,09:00 - 18:30; Cumartesi,09:00 - 18:30; Pazar,Kapalı; Pazartesi,09:00 - 18:30; Salı,09:00 - 18:30; Çarşamba,09:00 - 18:30.",Reklam Ajansı,"5,0"
Mener Ajans,"Merkez, Amiral Sağlam Cd. No:1, 41950, 41950 Gölcük/Kocaeli", , ,"https://www.google.com/maps/place/Mener+Ajans/@40.7192697,29.7507315,12z/data=!4m8!1m2!2m1!1sajans!3m4!1s0x14cb40ceea2d6275:0xc40c7c73cb0a9972!8m2!3d40.7192697!4d29.8207693","Perşembe,09:00 - 18:00; Cuma,09:00 - 18:00; Cumartesi,09:00 - 18:00; Pazar,Kapalı; Pazartesi,09:00 - 18:00; Salı,09:00 - 18:00; Çarşamba,09:00 - 18:00.",Reklam Ajansı,"3,7"
ERS Ajans,"Ömerağa Mah. İnönü Cad. Ataer İş Hanı No:184, 41100", ,(0262) 323 13 87,"https://www.google.com/maps/place/ERS+Ajans/@40.765768,29.8588112,12z/data=!4m8!1m2!2m1!1sajans!3m4!1s0x14cb457fe21bb895:0xbe8e28ac262b8465!8m2!3d40.765768!4d29.928849", ,Reklam Ajansı, 
Xlarge Reklam Atölyesi İzmit / KOCAELİ (Reklam Ajansı),"Yenişehir, Çınar Sk. No:8/A, 41100 İzmit/Kocaeli", ,(0262) 324 03 00,"https://www.google.com/maps/place/Xlarge+Reklam+At%C3%B6lyesi+%C4%B0zmit+%2F+KOCAEL%C4%B0+(Reklam+Ajans%C4%B1)/@40.764712,29.8915652,12z/data=!4m8!1m2!2m1!1sajans!3m4!1s0x14cb457f4283c38f:0xc2e47997cb889689!8m2!3d40.764712!4d29.961603","Perşembe,09:00 - 18:00; Cuma,09:00 - 18:00; Cumartesi,09:00 - 14:00; Pazar,Kapalı; Pazartesi,09:00 - 18:00; Salı,09:00 - 18:00; Çarşamba,09:00 - 18:00.",Reklam Ajansı,"5,0"
Pir Reklam Ajansı,"İstiklal Mahallesi, Muhsin Yazıcıoğlu Blv. No:23 D:A Blok, 54100 Serdivan/Sakarya",pirajans.com,0532 340 08 98,"https://www.google.com/maps/place/Pir+Reklam+Ajans%C4%B1/@40.76292,30.2978647,12z/data=!4m8!1m2!2m1!1sajans!3m4!1s0x14ccb37196bccf67:0xb7c1872314a24517!8m2!3d40.76292!4d30.3679025","Perşembe,09:00 - 18:00; Cuma,09:00 - 18:00; Cumartesi,09:00 - 18:00; Pazar,Kapalı; Pazartesi,09:00 - 18:00; Salı,09:00 - 18:00; Çarşamba,09:00 - 18:00.",Reklam Ajansı,"5,0"
NURTEN PAZARLAMA,"Aziziye, 877 Sk. No:41, 81010 Düzce Merkez/Düzce", , ,"https://www.google.com/maps/place/NURTEN+PAZARLAMA/@40.8438265,31.1040097,12z/data=!4m8!1m2!2m1!1sajans!3m4!1s0x409d9fe936d67597:0xb0cef68bdfb644b3!8m2!3d40.8445134!4d31.1319349", ,Pazarlama Danışmanı, 
Toy Ajans,"Merkez, 38. Sk. 16-30, 41950 Gölcük/Kocaeli", , ,"https://www.google.com/maps/place/Toy+Ajans/@40.719254,29.7533676,12z/data=!4m8!1m2!2m1!1sajans!3m4!1s0x14cb41b9096a8665:0x3f1183076173f68e!8m2!3d40.719254!4d29.8234054", ,Reklam Ajansı, 
Gebze Ajans,"55-1, hacı, halil mh, atatürk cd. aksu ap, no, 41400 Gebze/Kocaeli",gebzeajans.com.tr,(0262) 641 81 81,"https://www.google.com/maps/place/Gebze+Ajans/@40.7940722,29.3596675,12z/data=!4m8!1m2!2m1!1sajans!3m4!1s0x14cadc10b5c274fb:0x99da952b1fce4061!8m2!3d40.7940722!4d29.4297053","Perşembe,09:00 - 20:00; Cuma,09:00 - 20:00; Cumartesi,09:00 - 20:00; Pazar,09:00 - 20:00; Pazartesi,09:00 - 20:00; Salı,09:00 - 20:00; Çarşamba,09:00 - 20:00.",Reklam Ajansı,"5,0"
Aşoğlu Ajans,"Yenigün, Turan Cd., 54100 Adapazarı/Sakarya",asogluajans.com,(0264) 272 87 05,"https://www.google.com/maps/place/A%C5%9Fo%C4%9Flu+Ajans/@40.7769974,30.3417073,12z/data=!4m8!1m2!2m1!1sajans!3m4!1s0x409df620bf4f6955:0xc10863f617a6dec7!8m2!3d40.7769974!4d30.4117451","Perşembe,08:00 - 18:00; Cuma,08:00 - 18:00; Cumartesi,08:00 - 15:00; Pazar,Kapalı; Pazartesi,08:00 - 18:00; Salı,08:00 - 18:00; Çarşamba,08:00 - 18:00.",Özel Etiket Baskı Makinesi,"5,0"
Anadolu Ajansı,"Tabaklar Mahallesi Hattat Emin Barın Caddesi Ünal iş merkezi, D:K:1 D:6, 14100 Bolu Merkez/Bolu",aa.com.tr,(0374) 218 03 85,"https://www.google.com/maps/place/Anadolu+Ajans%C4%B1/@40.7281959,31.5231502,12z/data=!4m8!1m2!2m1!1sajans!3m4!1s0x409d3f71eef16db3:0xf094bbb9c4f911b1!8m2!3d40.7281959!4d31.593188", ,Haber Servisi, 
Nehir Ajans İnternet Hizmetleri,"Yenidoğan, Fabrika Cd. No:35 D:3, 54100 Adapazarı/Sakarya",nehirajans.com.tr,(0264) 281 65 55,"https://www.google.com/maps/place/Nehir+Ajans+%C4%B0nternet+Hizmetleri/@40.7726572,30.3265652,12z/data=!4m8!1m2!2m1!1sajans!3m4!1s0x14ccb32ed9b7d477:0x97698db1cde5af06!8m2!3d40.7726572!4d30.396603","Perşembe,08:00 - 18:30; Cuma,08:00 - 18:30; Cumartesi,08:00 - 15:00; Pazar,Kapalı; Pazartesi,08:00 - 18:30; Salı,08:00 - 18:30; Çarşamba,08:00 - 18:30.",Web Sitesi Tasarımcısı, 
Düzce Belediyesi,"Cedidiye, İstanbul Cd., 81020 Düzce Merkez/Düzce",duzce.bel.tr,(0380) 524 58 21,"https://www.google.com/maps/place/D%C3%BCzce+Belediyesi/@40.8438265,31.1040097,12z/data=!4m8!1m2!2m1!1sajans!3m4!1s0x409d75452db703b9:0xbc60c0d373f3b835!8m2!3d40.8383824!4d31.1619715","Perşembe,08:30 - 17:30; Cuma,08:30 - 17:30; Cumartesi,Kapalı; Pazar,Kapalı; Pazartesi,08:30 - 17:30; Salı,08:30 - 17:30; Çarşamba,08:30 - 17:30.",Belediye Binası,"3,4"
Çizgi Ajans,"Bayır, Akın Color Üstü, Kemal Güneş Cd. No:100/4, 78000 Karabük Merkez/Karabük",cizgiajans.org,(0370) 415 14 53,"https://www.google.com/maps/place/%C3%87izgi+Ajans/@41.195985,32.5464493,12z/data=!4m8!1m2!2m1!1sajans!3m4!1s0x409cacd3a5641f21:0x801bfb8198d2734b!8m2!3d41.195985!4d32.6164871","Perşembe,08:00 - 20:00; Cuma,08:00 - 20:00; Cumartesi,08:00 - 20:00; Pazar,Kapalı; Pazartesi,08:00 - 20:00; Salı,08:00 - 20:00; Çarşamba,08:00 - 20:00.",Reklam Ajansı,"4,8"
Maydonoz Cast Ajans - Ankara - İstanbul - Oyunculuk Ajansı,"Büyükesat, Koza Sk. No:60 D:11, 06700 Çankaya/Ankara",maydonozajans.com,(0312) 468 22 44,"https://www.google.com/maps/place/Maydonoz+Cast+Ajans+-+Ankara+-+%C4%B0stanbul+-+Oyunculuk+Ajans%C4%B1/@39.892324,32.8082362,12z/data=!4m8!1m2!2m1!1sajans!3m4!1s0x14d3457f7afc4351:0x62fdb657f103468a!8m2!3d39.892324!4d32.878274","Perşembe,09:00 - 19:00; Cuma,09:00 - 19:00; Cumartesi,09:00 - 19:00; Pazar,09:00 - 19:00; Pazartesi,09:00 - 19:00; Salı,09:00 - 19:00; Çarşamba,09:00 - 19:00.",Medya Şirketi,"4,7"
Düzce Postası Gazetesi,"Kültür, Rasim Betir Paşa Blv. No:48, 81100 Düzce Merkez/Düzce",duzcepostasi.com,(0380) 514 10 32,"https://www.google.com/maps/place/D%C3%BCzce+Postas%C4%B1+Gazetesi/@40.8438265,31.1040097,12z/data=!4m8!1m2!2m1!1sajans!3m4!1s0x409d75565c704ae3:0x3b170f217e070963!8m2!3d40.845245!4d31.1572269","Perşembe,09:00 - 18:00; Cuma,09:00 - 18:00; Cumartesi,09:00 - 15:00; Pazar,Kapalı; Pazartesi,09:00 - 18:00; Salı,09:00 - 18:00; Çarşamba,09:00 - 18:00.",Yayıncı,"3,5"
5G AJANS,"Agah Ateş, Hereke Atatürk Cd., 41800 Körfez/Kocaeli",5gajans.com,0507 071 94 05,"https://www.google.com/maps/place/5G+AJANS/@40.7846119,29.5489004,12z/data=!4m8!1m2!2m1!1sajans!3m4!1s0x14cb3b5bdb4eb6dd:0xb5029ae105653d6d!8m2!3d40.7846119!4d29.6189382","Perşembe,08:00 - 18:00; Cuma,08:00 - 18:00; Cumartesi,08:00 - 18:00; Pazar,Kapalı; Pazartesi,08:00 - 18:00; Salı,08:00 - 18:00; Çarşamba,08:00 - 18:00.",Reklam Ajansı,"5,0"
"Family Ajans - Oyunculuk, Cast Ajansı","Kemankeş Karamustafa Paşa, Mahallesi, Kılıç Ali Paşa Mescidi Sk. No:10, 34142 Beyoğlu/İstanbul",familyajans.com,(0212) 570 74 05,"https://www.google.com/maps/place/Family+Ajans+-+Oyunculuk,+Cast+Ajans%C4%B1/@41.0258951,28.911094,12z/data=!4m8!1m2!2m1!1sajans!3m4!1s0x14cabca4ba78d577:0xf3fb2555120ca683!8m2!3d41.0258951!4d28.9811318", ,Oyunculuk Okulu,"3,4"
Cast Ajans Ankara - Oyunculuk Ajansı Ankara,"Ayrancı, Hoşdere caddesi No:52 /18 Yukarı, 06690 Çankaya/Ankara",castajansankara.com,(0312) 468 34 55,"https://www.google.com/maps/place/Cast+Ajans+Ankara+-+Oyunculuk+Ajans%C4%B1+Ankara/@39.8993265,32.7785589,12z/data=!4m8!1m2!2m1!1sajans!3m4!1s0x14d34f76a4a82d1f:0x7d2faf88d45ac657!8m2!3d39.8993265!4d32.8485967","Perşembe,08:00 - 20:00; Cuma,08:00 - 20:00; Cumartesi,08:00 - 20:00; Pazar,08:00 - 20:00; Pazartesi,08:00 - 20:00; Salı,08:00 - 20:00; Çarşamba,08:00 - 20:00.",Yetenek Ajansı,"4,5"
Lika Ajans,"Hoşnudiye Mahallesi İsmet İnönü 1 Cd. Balıkçıoğlu Apt. No: 38 Kat: 3 D: 13, 26130 Tepebaşı", ,0507 206 16 35,"https://www.google.com/maps/place/Lika+Ajans/@39.7781292,30.4984251,14z/data=!4m8!1m2!2m1!1sajans!3m4!1s0x14cc15cc77c95ddb:0xa14434e0da8bfc74!8m2!3d39.7781292!4d30.5159346","Perşembe,10:00 - 18:00; Cuma,10:00 - 18:00; Cumartesi,10:00 - 18:00; Pazar,Kapalı; Pazartesi,10:00 - 18:00; Salı,10:00 - 18:00; Çarşamba,10:00 - 18:00.",Reklam Ajansı, 
LİONS AJANS,"Fulya, Aytekin Kotil Cd. No:7, 34394 Şişli/İstanbul",lionsajans.com,(0212) 216 23 16,"https://www.google.com/maps/place/L%C4%B0ONS+AJANS/@41.0636567,28.9761633,14z/data=!4m8!1m2!2m1!1sajans!3m4!1s0x14cab7019abe3cc3:0x57844f1e83ee45da!8m2!3d41.0636567!4d28.9936728","Perşembe,24 saat açık; Cuma,24 saat açık; Cumartesi,24 saat açık; Pazar,24 saat açık; Pazartesi,24 saat açık; Salı,24 saat açık; Çarşamba,24 saat açık.",Yetenek Ajansı,"3,8"
Saruhan Web Ajans | Eskişehir Web Tasarım Hizmetleri,"Hoşnudiye, İsmet İnönü-1 Blv No:61 D:5, 26130 Tepebaşı/Eskişehir",saruhanweb.com,(0222) 220 03 77,"https://www.google.com/maps/place/Saruhan+Web+Ajans+%7C+Eski%C5%9Fehir+Web+Tasar%C4%B1m+Hizmetleri/@39.7793072,30.4960739,14z/data=!4m8!1m2!2m1!1sajans!3m4!1s0x14cc16084ef59b11:0x4b2694341852aff8!8m2!3d39.7793072!4d30.5135834","Perşembe,09:00 - 18:30; Cuma,09:00 - 18:30; Cumartesi,10:00 - 17:00; Pazar,Kapalı; Pazartesi,09:00 - 18:30; Salı,09:00 - 18:30; Çarşamba,09:00 - 18:30.",Web Sitesi Tasarımcısı,"4,8"
Mayadroom Ajans,"Ortaklar Cad. Aksu Apt.No:4 D 18, 34387 Ortaklar Mecidiyeköy Şişli/İstanbul",mayadroomajans.com.tr,(0212) 288 17 47,"https://www.google.com/maps/place/Mayadroom+Ajans/@41.065517,28.9777922,14z/data=!4m8!1m2!2m1!1sajans!3m4!1s0x14cab6fe5ca2cfbd:0xd22225aa6f2de4b5!8m2!3d41.065517!4d28.9953017","Perşembe,09:00 - 19:00; Cuma,09:00 - 19:00; Cumartesi,09:00 - 17:00; Pazar,Kapalı; Pazartesi,09:00 - 19:00; Salı,09:00 - 19:00; Çarşamba,09:00 - 19:00.",Manken Ajansı,"3,6"
Cyber Ajans,"İsmailağa Mh, Atatürk Cd. No:21, 41500 Karamürsel/Kocaeli", ,(0262) 452 70 65,"https://www.google.com/maps/place/Cyber+Ajans/@40.695051,29.6014495,14z/data=!4m8!1m2!2m1!1sajans!3m4!1s0x14cb17ef6e81ca2d:0x764674880e90a984!8m2!3d40.695051!4d29.618959","Perşembe,08:00 - 23:59; Cuma,08:00 - 23:59; Cumartesi,08:00 - 23:59; Pazar,08:00 - 23:59; Pazartesi,08:00 - 23:59; Salı,08:00 - 23:59; Çarşamba,08:00 - 23:59.",Reklam Ajansı,"5,0"
Anadolu Ajansı,"Merkez, İskele Cd. No:5, 67850 Alaplı/Zonguldak",aa.com.tr,0535 661 43 44,"https://www.google.com/maps/place/Anadolu+Ajans%C4%B1/@41.1813944,31.3684071,14z/data=!4m8!1m2!2m1!1sajans!3m4!1s0x409c510edde2c34d:0xca2c06c6c8a193f7!8m2!3d41.1813944!4d31.3859166","Perşembe,24 saat açık; Cuma,24 saat açık; Cumartesi,24 saat açık; Pazar,24 saat açık; Pazartesi,24 saat açık; Salı,24 saat açık; Çarşamba,24 saat açık.",Haber Servisi, 
Emre Ajans,"Yalı, Atatürk Caddesi, Yiğit Çk. No:8, 34844 Maltepe/İstanbul",emreajans.com,(0216) 459 50 60,"https://www.google.com/maps/place/Emre+Ajans/@40.9332528,29.1227101,14z/data=!4m8!1m2!2m1!1sajans!3m4!1s0x14cac69e281d0efd:0xdc05eb99203b2d3b!8m2!3d40.9332528!4d29.1402196","Perşembe,09:00 - 19:00; Cuma,09:00 - 19:00; Cumartesi,09:00 - 15:00; Pazar,Kapalı; Pazartesi,09:00 - 19:00; Salı,09:00 - 19:00; Çarşamba,09:00 - 19:00.",Reklam Ajansı,"4,2"
AJANS MOOLA,"Kırmızıtoprak Mh. Porsuk Bulvarı, Nilay Sk. No:11/A-B, Odunpazarı/Eskişehir", ,0552 485 04 70,"https://www.google.com/maps/place/AJANS+MOOLA/@39.7763643,30.4912625,14z/data=!4m8!1m2!2m1!1sajans!3m4!1s0x14cc160bbdccac11:0x673e3e76a383d312!8m2!3d39.7763643!4d30.508772", ,Reklam Ajansı, 
AKB Grafik,"Meşrutiyet, İstiklal Sk. D:No:3 D:112, 67030 Zonguldak Merkez/Zonguldak",akbgrafik.com,(0372) 253 85 86,"https://www.google.com/maps/place/AKB+Grafik/@41.4535757,31.7724166,14z/data=!4m8!1m2!2m1!1sajans!3m4!1s0x409c7c7b0aea5b4f:0xc73501ea1b05270b!8m2!3d41.4535757!4d31.7899261","Perşembe,08:30 - 18:30; Cuma,08:30 - 18:30; Cumartesi,08:30 - 18:00; Pazar,Kapalı; Pazartesi,08:30 - 18:30; Salı,08:30 - 18:30; Çarşamba,08:30 - 18:30.",Reklam Ajansı,"3,7"
Düzce Tv,"Merkez, Nusrettin Mahallesi istiklal caddesi adil seven iş hanı kat 1, 81000 Düzce Merkez/Düzce",duzcetv.com,(0380) 523 23 02,"https://www.google.com/maps/place/D%C3%BCzce+Tv/@40.8438464,31.15654,14z/data=!4m8!1m2!2m1!1sajans!3m4!1s0x409d755adb3b88db:0xc243a21b14f6cc16!8m2!3d40.8381432!4d31.1647014","Perşembe,24 saat açık; Cuma,24 saat açık; Cumartesi,24 saat açık; Pazar,24 saat açık; Pazartesi,24 saat açık; Salı,24 saat açık; Çarşamba,24 saat açık.",Televizyon İstasyonu,"4,1"
Wolinka İnteraktif Ajans,"Kırmızıtoprak, Nilay Sk. No:11 D:B, 26010 Odunpazarı/Eskişehir",wolinka.com,(0222) 606 05 20,"https://www.google.com/maps/place/Wolinka+%C4%B0nteraktif+Ajans/@39.776675,30.4911995,14z/data=!4m8!1m2!2m1!1sajans!3m4!1s0x14cc15f24c55d493:0xc51a9c4b74e3208!8m2!3d39.776675!4d30.508709","Perşembe,09:00 - 18:00; Cuma,09:00 - 18:00; Cumartesi,Kapalı; Pazar,Kapalı; Pazartesi,09:00 - 18:00; Salı,09:00 - 18:00; Çarşamba,09:00 - 18:00.",Reklam Ajansı,"4,0"
Digi Düzce Digiturk Yetkili Teknik Servis,"Şerefiye, Merkez, Cumhuriyet Sk. No:8 D:10, 81010 Düzce Merkez/Düzce",destek.digiturk.com.tr,0850 455 0551,"https://www.google.com/maps/place/Digi+D%C3%BCzce+Digiturk+Yetkili+Teknik+Servis/@40.8438464,31.15654,14z/data=!4m8!1m2!2m1!1sajans!3m4!1s0x409d755ac873ceab:0x165fff97b165be5!8m2!3d40.8393153!4d31.1618857","Perşembe,08:30 - 19:30; Cuma,08:30 - 19:30; Cumartesi,08:30 - 19:30; Pazar,08:30 - 17:30; Pazartesi,08:30 - 19:30; Salı,08:30 - 19:30; Çarşamba,08:30 - 19:30.",Elektronik eşya mağazası,"3,6"
Ajans 264,"semerciler mahallesi cevatbey işhanı adapazarı sakarya, 54100",ajans264.com,0507 373 79 58,"https://www.google.com/maps/place/Ajans+264/@40.778127,30.3830257,14z/data=!4m8!1m2!2m1!1sajans!3m4!1s0x409df62802b502cb:0x22cd2661cce208e3!8m2!3d40.778127!4d30.4005352","Perşembe,09:00 - 19:00; Cuma,09:00 - 19:00; Cumartesi,09:00 - 17:00; Pazar,Kapalı; Pazartesi,09:00 - 19:00; Salı,09:00 - 19:00; Çarşamba,09:00 - 19:00.", , 
Dükkan Ajans,"Ankara, Türkiye, Ahmet Yesevi Cd No:11 - 10, 06450 Çankaya",dukkanajans.com,(0312) 446 03 05,"https://www.google.com/maps/place/D%C3%BCkkan+Ajans/@39.8557483,32.7937695,14z/data=!4m8!1m2!2m1!1sajans!3m4!1s0x14d34fc0e5eb9279:0x3124d0c52375958e!8m2!3d39.8557483!4d32.811279","Perşembe,09:30 - 18:30; Cuma,09:30 - 18:30; Cumartesi,Kapalı; Pazar,Kapalı; Pazartesi,09:30 - 18:30; Salı,09:30 - 18:30; Çarşamba,09:30 - 18:30.",Reklam Ajansı,"4,6"
Dny Grup Temizlik ve Sosyal Hiz.Teks.San.Tic.Ltd.Şti,"Azmimilli Mahallesi Gazhane Caddesi Sakin Sokak İrfan, Tuna İş Merkezi No:2/2, 81100 Düzce Merkez", ,(0380) 512 08 89,"https://www.google.com/maps/place/Dny+Grup+Temizlik+ve+Sosyal+Hiz.Teks.San.Tic.Ltd.%C5%9Eti/@40.8438464,31.15654,14z/data=!4m8!1m2!2m1!1sajans!3m4!1s0x409d75435bbd7a01:0x175ec0a3b12210c!8m2!3d40.836249!4d31.159951", ,Ev Temizlik Hizmetleri, 
Bg Model Ajansı,"3 Gümüşsuyu Mahallesi Osmanlı Sok. Osmanlı İş Merkezi, D:24/10, 34437 Beyoğlu",bgajans.com,(0212) 252 63 62,"https://www.google.com/maps/place/Bg+Model+Ajans%C4%B1/@41.0354905,28.968567,14z/data=!4m8!1m2!2m1!1sajans!3m4!1s0x14cab764e9133c01:0xfab95154c2facd89!8m2!3d41.0354905!4d28.9860765","Perşembe,09:30 - 18:30; Cuma,09:30 - 18:30; Cumartesi,Kapalı; Pazar,Kapalı; Pazartesi,09:30 - 18:30; Salı,09:30 - 18:30; Çarşamba,09:30 - 18:30.",Manken Ajansı,"3,7"
Intend Ajans,"Sultançiftliği, Turgut Özal Cd., 34788 Çekmeköy/İstanbul", ,0850 885 0946,"https://www.google.com/maps/place/Intend+Ajans/@41.0302833,29.2077994,14z/data=!4m8!1m2!2m1!1sajans!3m4!1s0x14cace04893cdc79:0xbce06f5edd23650!8m2!3d41.0302833!4d29.2253089", ,Reklam Ajansı,"5,0"
Timsah Ajans - Dijital Reklam Ajansı - SEO & Web Tasarım & Sosyal Medya & Kurumsal Marka Yönetimi,"Bağlarbaşı Mah. Feyzullah Cad. No:140 Artan Plaza Kat:5, 34844 Maltepe/İstanbul",timsahajans.com.tr,(0216) 232 23 24,"https://www.google.com/maps/place/Timsah+Ajans+-+Dijital+Reklam+Ajans%C4%B1+-+SEO+%26+Web+Tasar%C4%B1m+%26+Sosyal+Medya+%26+Kurumsal+Marka+Y%C3%B6netimi/@40.9301687,29.1265345,14z/data=!4m8!1m2!2m1!1sajans!3m4!1s0x14cac40c667a6b4b:0xcb7f57ce2b7f66d5!8m2!3d40.9301687!4d29.144044","Perşembe,09:00 - 18:30; Cuma,09:00 - 18:30; Cumartesi,Kapalı; Pazar,Kapalı; Pazartesi,09:00 - 18:30; Salı,09:00 - 18:30; Çarşamba,09:00 - 18:30.",Yazılım Şirketi,"5,0"
Denge Ajans,"Atalar, Üsküdar Cd. D:No:162 D:1, 34862 Kartal/İstanbul",dengeajans.com,(0216) 488 44 90,"https://www.google.com/maps/place/Denge+Ajans/@40.9021287,29.1488289,14z/data=!4m8!1m2!2m1!1sajans!3m4!1s0x14cac38ba6eaf961:0x79d7163f515ac92b!8m2!3d40.9021287!4d29.1663384","Perşembe,08:30 - 18:00; Cuma,08:30 - 18:00; Cumartesi,09:00 - 12:00; Pazar,Kapalı; Pazartesi,08:30 - 18:00; Salı,08:30 - 18:00; Çarşamba,08:30 - 18:00.",Reklam Ajansı,"4,0"